senator_number,secretaria_label,senator_details_name,senator_details_party_affiliation,senator_details_office_details,senator_details_email,senator_link,Comisiones,secretaria_comisiones_link,senator_image,Estado
1,,"Aguilar Castillo, Heriberto Marcelo",morena,"Piso: 4 Oficina: 17 Tel: 55 5345 3000 Ext: 3245 y 3915 Correo:
Secretario(a):
Recursos Hídricos e Infraestructura Hidráulica
Infraestructura Ferroviaria
Integrante:
Reordenamiento Urbano y Vivienda",heriberto.aguilar@senado.gob.mx,https://www.senado.gob.mx/66/senador/1579,"Comunicaciones y Transportes, Desarrollo Urbano y Ordenamiento Territorial, Asuntos de la Frontera Norte, Trabajo y Previsión Social","https://www.senado.gob.mx/66/comisiones/ordinarias/356
https://www.senado.gob.mx/66/comisiones/ordinarias/367
https://www.senado.gob.mx/66/comisiones/ordinarias/351
https://www.senado.gob.mx/66/comisiones/ordinarias/402",/66/images/iconos_partidos/morena_.png,Sonora
2,,"Álvarez Lima, José Antonio Cruz",morena,"Piso: 3 Oficina: 2 Tel: 55 5345 3000 Ext: 3144, 5562, 3465 y 5951 Correo:
Presidente(a):
Integrante:
Anticorrupción y Transparencia",alvarez.lima@senado.gob.mx,https://www.senado.gob.mx/66/senador/1587,"Radio, Televisión y Cinematografía, Defensa Nacional, Administración, Hacienda y Crédito Público","https://www.senado.gob.mx/66/comisiones/ordinarias/389
https://www.senado.gob.mx/66/comisiones/ordinarias/359
https://www.senado.gob.mx/66/comisiones/ordinarias/348
https://www.senado.gob.mx/66/comisiones/ordinarias/376",/66/images/iconos_partidos/morena_.png,Tlaxcala
3,,"Anaya Cortés, Ricardo",PAN,"Piso: 6 Oficina: 20 Tel: 55 5345 3000 Ext: 4079 y 3323 Correo:
Junta de Coordinación Política:
Coordinador del Grupo Parlamentario del Partido Acción Nacional
Secretario(a):
Integrante:
Gobernación
Trabajo y Previsión Social
Estudios Legislativos, Primera",ricardo.anaya@senado.gob.mx,https://www.senado.gob.mx/66/senador/1694,"Puntos Constitucionales, Estudios Legislativos, Hacienda y Crédito Público, Comisión Especial de Ciudades Sostenibles","https://www.senado.gob.mx/66/comisiones/ordinarias/346
https://www.senado.gob.mx/66/comisiones/ordinarias/347
https://www.senado.gob.mx/66/comisiones/ordinarias/376
https://www.senado.gob.mx/66/comisiones/especiales/424",/66/images/iconos_partidos/PAN_.png,Querétaro
4,,"Anaya Gutiérrez, Alberto",PT,"Piso: 1 Oficina: Tel: 55 5345 3000 Ext: 4112 Correo:
Junta de Coordinación Política:
Coordinador del Grupo Parlamentario del Partido del Trabajo
Presidente(a):
Secretario(a):",alberto.anaya@senado.gob.mx,https://www.senado.gob.mx/66/senador/1696,"Asuntos Migratorios, Educación, Administración","https://www.senado.gob.mx/66/comisiones/ordinarias/353
https://www.senado.gob.mx/66/comisiones/ordinarias/369
https://www.senado.gob.mx/66/comisiones/ordinarias/348",/66/images/iconos_partidos/PT_.png,Lista Nacional
5,"Secretaria:
Secretario(a):
Integrante:","Anaya Mota, Claudia Edith",PRI,Piso: 1 Oficina: 1 Tel: 55 5345 3000 Ext: 5303 y 3184 Correo:,claudia.anaya@senado.gob.mx,https://www.senado.gob.mx/66/senador/1598,"Mesa Directiva, Estudios Legislativos, Puntos Constitucionales, Derechos Humanos, Gobernación, Asuntos Migratorios","https://www.senado.gob.mx/66/comisiones/imprimirComision.php?idComision=342
https://www.senado.gob.mx/66/comisiones/ordinarias/347
https://www.senado.gob.mx/66/comisiones/ordinarias/346
https://www.senado.gob.mx/66/comisiones/ordinarias/363
https://www.senado.gob.mx/66/comisiones/ordinarias/375
https://www.senado.gob.mx/66/comisiones/ordinarias/353",/66/images/iconos_partidos/PRI_.png,Zacatecas
6,,"Angulo Briceño, Pablo Guillermo",PRI,"Piso: 5 Oficina: 5 Tel: 55 5345 3000 Ext: 3901 Correo:
Secretario(a):
Anticorrupción y Transparencia
Integrante:",pablo.angulo@senado.gob.mx,https://www.senado.gob.mx/66/senador/1698,"Justicia, Puntos Constitucionales, Estudios Legislativos, Primera, Jurisdiccional","https://www.senado.gob.mx/66/comisiones/ordinarias/378
https://www.senado.gob.mx/66/comisiones/ordinarias/346
https://www.senado.gob.mx/66/comisiones/ordinarias/371
https://www.senado.gob.mx/66/comisiones/ordinarias/377",/66/images/iconos_partidos/PRI_.png,Lista Nacional
7,,"Añorve Baños, Manuel",PRI,"Piso:  Oficina: Tel: 55 5345 3000 Ext: 5910, 3768 Correo:
Junta de Coordinación Política:
Coordinador del Grupo Parlamentario del Partido Revolucionario Institucional
Secretario(a):
Integrante:",manuel.anorve@senado.gob.mx,https://www.senado.gob.mx/66/senador/1541,"Gobernación, Seguridad Pública, Economía, Minería, Relaciones Exteriores","https://www.senado.gob.mx/66/comisiones/ordinarias/375
https://www.senado.gob.mx/66/comisiones/ordinarias/400
https://www.senado.gob.mx/66/comisiones/ordinarias/368
https://www.senado.gob.mx/66/comisiones/ordinarias/382
https://www.senado.gob.mx/66/comisiones/ordinarias/393",/66/images/iconos_partidos/PRI_.png,Guerrero
8,,"Arias Trevilla, Alejandra Berenice",morena,"Piso: 4 Oficina: 30 Tel: 55 5345 3000 Ext: 3340, 5141, 2978 y 3448 Correo:
Secretario(a):
Deporte
Derechos de la Niñez y de la Adolescencia
Ciberseguridad
Integrante:
Asuntos de la Frontera Sur",alejandra.arias@senado.gob.mx,https://www.senado.gob.mx/66/senador/1676,"Juventud, Para la Igualdad de Género, Energía, Relaciones Exteriores, América del Norte","https://www.senado.gob.mx/66/comisiones/ordinarias/379
https://www.senado.gob.mx/66/comisiones/ordinarias/384
https://www.senado.gob.mx/66/comisiones/ordinarias/370
https://www.senado.gob.mx/66/comisiones/ordinarias/395",/66/images/iconos_partidos/morena_.png,Tabasco
9,,"Ascencio Ortega, Reyna Celeste",morena,"Piso: 3 Oficina: 27 Tel: 55 5345 3000 Ext: 4211 Correo:
Presidente(a):
Integrante:
Juventud
Deporte
Pueblos Indígenas y Afromexicanos",reyna.ascencio@senado.gob.mx,https://www.senado.gob.mx/66/senador/1548,"Derechos Humanos, Para la Igualdad de Género, Análisis, Seguimiento y Evaluación sobre la aplicación y desarrollo de la Inteligencia Artificial en México, Anticorrupción y Transparencia","https://www.senado.gob.mx/66/comisiones/ordinarias/363
https://www.senado.gob.mx/66/comisiones/ordinarias/384
https://www.senado.gob.mx/66/comisiones/ordinarias/407
https://www.senado.gob.mx/66/comisiones/ordinarias/350",/66/images/iconos_partidos/morena_.png,Michoacán
10,,"Ávalos Zempoalteca, Anabell",PRI,"Piso: 5 Oficina: 14 Tel: 55 5345 3000 Ext: 3588, 5913 y 3141 Correo:
Secretario(a):
Relaciones Exteriores, América del Norte
Integrante:",anabell.avalos@senado.gob.mx,https://www.senado.gob.mx/66/senador/1589,"Relaciones Exteriores, América Latina y el Caribe, Bienestar, Federalismo, Reforma Agraria","https://www.senado.gob.mx/66/comisiones/ordinarias/396
https://www.senado.gob.mx/66/comisiones/ordinarias/354
https://www.senado.gob.mx/66/comisiones/ordinarias/373
https://www.senado.gob.mx/66/comisiones/ordinarias/391",/66/images/iconos_partidos/PRI_.png,Tlaxcala
11,,"Ayala Robles, Armando",morena,"Piso: 4 Oficina: 5 Tel: 55 5345 3000 Ext: 3593, 3598 y 3595 Correo:
Presidente(a):
Integrante:",armando.ayala@senado.gob.mx,https://www.senado.gob.mx/66/senador/1507,"Recursos Hídricos e Infraestructura Hidráulica, Bienestar, Asuntos de la Frontera Norte, Radio, Televisión y Cinematografía","https://www.senado.gob.mx/66/comisiones/ordinarias/390
https://www.senado.gob.mx/66/comisiones/ordinarias/354
https://www.senado.gob.mx/66/comisiones/ordinarias/351
https://www.senado.gob.mx/66/comisiones/ordinarias/389",/66/images/iconos_partidos/morena_.png,Baja California
12,,"Bañuelos De La Torre, Geovanna",PT,"Piso: 6 Oficina: 32 Tel: 55 5345 3000 Ext: 3088, 382 y 3570 Correo:
Presidente(a):
Secretario(a):
Integrante:",geovanna.banuelos@senado.gob.mx,https://www.senado.gob.mx/66/senador/1700,"Trabajo y Previsión Social, Relaciones Exteriores, Comisión Especial para revisar y vigilar el proceso de quiebra de Altos Hornos de México, S. A. B. de C. V., Relaciones Exteriores, América del Norte, Turismo","https://www.senado.gob.mx/66/comisiones/ordinarias/402
https://www.senado.gob.mx/66/comisiones/ordinarias/393
https://www.senado.gob.mx/66/comisiones/especiales/413
https://www.senado.gob.mx/66/comisiones/ordinarias/395
https://www.senado.gob.mx/66/comisiones/ordinarias/403",/66/images/iconos_partidos/PT_.png,Zacatecas
13,,"Barrales Magdaleno, Alejandra",Movimiento Ciudadano,"Piso:  Oficina: Tel: 55 5345 3000 Ext: 3327 Correo:
Presidente(a):
Secretario(a):
Integrante:
Derechos de la Niñez y de la Adolescencia
Seguimiento a la Implementación y Revisión del T-MEC
Reordenamiento Urbano y Vivienda",alejandra.barrales@senado.gob.mx,https://www.senado.gob.mx/66/senador/1702,"Comisión Especial de Ciudades Sostenibles, Justicia, Relaciones Exteriores, Estudios Legislativos, Defensa Nacional, Bienestar","https://www.senado.gob.mx/66/comisiones/especiales/424
https://www.senado.gob.mx/66/comisiones/ordinarias/378
https://www.senado.gob.mx/66/comisiones/ordinarias/393
https://www.senado.gob.mx/66/comisiones/ordinarias/347
https://www.senado.gob.mx/66/comisiones/ordinarias/359
https://www.senado.gob.mx/66/comisiones/ordinarias/354",/66/images/iconos_partidos/MC_.png,Ciudad de México
14,,"Barreda Pavón, Francisco Daniel",Movimiento Ciudadano,"Piso: 6 Oficina: 24 Tel: 55 5345 3000 Ext: 5446, 5565 y 5444 Correo:
Presidente(a):
Secretario(a):
Integrante:","francisco.barreda@senado.gob.mx, o.francisco.barreda@senado.gob.mx",https://www.senado.gob.mx/66/senador/1514,"Anticorrupción y Transparencia, Desarrollo Municipal, Economía, Salud","https://www.senado.gob.mx/66/comisiones/ordinarias/350
https://www.senado.gob.mx/66/comisiones/ordinarias/364
https://www.senado.gob.mx/66/comisiones/ordinarias/368
https://www.senado.gob.mx/66/comisiones/ordinarias/399",/66/images/iconos_partidos/MC_.png,Campeche
15,,"Bolaños Azocar, Raymundo",PAN,"Piso: 6 Oficina: 12 Tel: 55 5345 3000 Ext: 3806 y 3459 Correo:
Integrante:
Hacienda y Crédito Público
Juventud",raymundo.bolanos@senado.gob.mx,https://www.senado.gob.mx/66/senador/1805,"Bienestar, Relaciones Exteriores, América Latina y el Caribe, Estudios Legislativos, Primera","https://www.senado.gob.mx/66/comisiones/ordinarias/354
https://www.senado.gob.mx/66/comisiones/ordinarias/396
https://www.senado.gob.mx/66/comisiones/ordinarias/371",/66/images/iconos_partidos/PAN_.png,Lista Nacional
16,,"Bonilla Herrera, Raquel",morena,"Piso: 4 Oficina: 19 Tel: 55 5345 3000 Ext: 3332 y 5602 Correo:
Secretario(a):
Energía
Pesca y Acuacultura
Anticorrupción y Transparencia
Integrante:",raquel.bonilla@senado.gob.mx,https://www.senado.gob.mx/66/senador/1685,"Marina, Zonas Metropolitanas y Movilidad, Derechos de la Niñez y de la Adolescencia","https://www.senado.gob.mx/66/comisiones/ordinarias/380
https://www.senado.gob.mx/66/comisiones/ordinarias/405
https://www.senado.gob.mx/66/comisiones/ordinarias/361",/66/images/iconos_partidos/morena_.png,Veracruz
17,"Secretaria:
Secretario(a):","Bugarín , Jasmine María",PVEM,Piso: 5 Oficina: 22 Tel: 55 5345 3000 Ext: 5820 Correo:,o.jasmine.bugarin@senado.gob.mx,https://www.senado.gob.mx/66/senador/1554,"Mesa Directiva, Desarrollo Rural","https://www.senado.gob.mx/66/comisiones/imprimirComision.php?idComision=342
https://www.senado.gob.mx/66/comisiones/ordinarias/366",/66/images/iconos_partidos/PVEM_.png,Nayarit
18,"Secretario:
Presidente(a):
Secretario(a):
Gobernación
Integrante:
Comunicaciones y Transportes
Organismos Internacionales
Educación
Guardia Nacional","Camarillo Medina, Néstor",Movimiento Ciudadano,Piso: 5 Oficina: 32 Tel: 55 5345 3000 Ext: 5442 y 3028 Correo:,nestor.camarillo@senado.gob.mx,https://www.senado.gob.mx/66/senador/1565,"Mesa Directiva, Comisión Especial de Economía Circular y Desarrollo Empresarial, Anticorrupción y Transparencia, Pueblos Indígenas y Afromexicanos, Infraestructura Ferroviaria","https://www.senado.gob.mx/66/comisiones/imprimirComision.php?idComision=342
https://www.senado.gob.mx/66/comisiones/especiales/423
https://www.senado.gob.mx/66/comisiones/ordinarias/350
https://www.senado.gob.mx/66/comisiones/ordinarias/387
https://www.senado.gob.mx/66/comisiones/ordinarias/415",/66/images/iconos_partidos/MC_.png,Puebla
19,Vicepresidenta:,"Camino Farjat, Verónica Noemí",morena,Piso: 3 Oficina: 32 Tel: 55 5345 3000 Ext: 3293 Correo:,veronica.camino@senado.gob.mx,https://www.senado.gob.mx/66/senador/1593,Mesa Directiva,https://www.senado.gob.mx/66/comisiones/imprimirComision.php?idComision=342,/66/images/iconos_partidos/morena_.png,Yucatán
20,,"Campuzano González, Gina Gerardina",PAN,"Piso: 6 Oficina: 7 Tel: 55 5345 3000 Ext: 3031 y 3032 Correo:
Secretario(a):
Integrante:
Relaciones Exteriores, África",gina.campuzano@senado.gob.mx,https://www.senado.gob.mx/66/senador/1532,"Medio Ambiente, Recursos Naturales y Cambio Climático, Ganadería, Recursos Hídricos e Infraestructura Hidráulica, Reordenamiento Urbano y Vivienda","https://www.senado.gob.mx/66/comisiones/ordinarias/381
https://www.senado.gob.mx/66/comisiones/ordinarias/374
https://www.senado.gob.mx/66/comisiones/ordinarias/390
https://www.senado.gob.mx/66/comisiones/ordinarias/411",/66/images/iconos_partidos/PAN_.png,Durango
21,,"Cantón Zetina, Óscar",morena,"Piso: 3 Oficina: 5 Tel: 55 5345 3000 Ext: 3194 y 5915 Correo:
Presidente(a):
Integrante:
Comunicaciones y Transportes
Educación
Recursos Hídricos e Infraestructura Hidráulica",oscar.canton@senado.gob.mx,https://www.senado.gob.mx/66/senador/1582,"Puntos Constitucionales, Energía, Reordenamiento Urbano y Vivienda, Agricultura","https://www.senado.gob.mx/66/comisiones/ordinarias/346
https://www.senado.gob.mx/66/comisiones/ordinarias/370
https://www.senado.gob.mx/66/comisiones/ordinarias/411
https://www.senado.gob.mx/66/comisiones/ordinarias/349",/66/images/iconos_partidos/morena_.png,Tabasco
22,,"Castañeda Hoeflich, Clemente",Movimiento Ciudadano,"Piso: 5 Oficina: 11 Tel: 55 5345 3000 Ext: 5131 y 3674 Correo:
Junta de Coordinación Política:
Coordinador del Grupo Parlamentario del Partido Movimiento Ciudadano
Secretario(a):
Integrante:
Estudios Legislativos, Primera
Guardia Nacional",clemente.castaneda@senado.gob.mx,https://www.senado.gob.mx/66/senador/1704,"Energía, Trabajo y Previsión Social, Derechos Humanos, Consejo Editorial del Senado de la República.","https://www.senado.gob.mx/66/comisiones/ordinarias/370
https://www.senado.gob.mx/66/comisiones/ordinarias/402
https://www.senado.gob.mx/66/comisiones/ordinarias/363
https://www.senado.gob.mx/66/comisiones/comites/417",/66/images/iconos_partidos/MC_.png,Jalisco
23,Presidenta:,"Castillo Juárez, Laura Itzel",morena,Piso: 3 Oficina: 19 Tel: 55 5345 3000 Ext: 5390 y 5216 Correo:,o.laura.castillo@senado.gob.mx,https://www.senado.gob.mx/66/senador/1731,Mesa Directiva,https://www.senado.gob.mx/66/comisiones/imprimirComision.php?idComision=342,/66/images/iconos_partidos/morena_.png,Lista Nacional
24,,"Castrejón Trujillo, Karen",PVEM,"Piso: 5 Oficina: 31 Tel: 55 5345 3000 Ext: 3424 Correo:
Secretario(a):
Relaciones Exteriores
Para el Seguimiento a la Implementación de la Agenda 2030
Integrante:",karen.castrejon@senado.gob.mx,https://www.senado.gob.mx/66/senador/1617,"Ciencia, Humanidades, Tecnología e Innovación, Gobernación, Relaciones Exteriores, América del Norte","https://www.senado.gob.mx/66/comisiones/ordinarias/355
https://www.senado.gob.mx/66/comisiones/ordinarias/375
https://www.senado.gob.mx/66/comisiones/ordinarias/395",/66/images/iconos_partidos/PVEM_.png,Ciudad de México
25,,"Castro Castro, Imelda",morena,"Piso: 4 Oficina: 20 Tel: 55 5345 3000 Ext: 3433 y 5921 Correo:
Secretario(a):
Organismos Internacionales
Integrante:",imelda.castro@senado.gob.mx,https://www.senado.gob.mx/66/senador/1575,"Cultura, Gobernación, Medalla Belisario Domínguez, Estudios Legislativos, Segunda","https://www.senado.gob.mx/66/comisiones/ordinarias/357
https://www.senado.gob.mx/66/comisiones/ordinarias/375
https://www.senado.gob.mx/66/comisiones/ordinarias/406
https://www.senado.gob.mx/66/comisiones/ordinarias/372",/66/images/iconos_partidos/morena_.png,Sinaloa
26,,"Cepeda Salas, Alfonso",morena,"Piso: 3 Oficina: 28 Tel: 55 5345 3000 Ext: 3013 y 5597 Correo:
Presidente(a):
Integrante:
Participación Ciudadana
Comunicaciones y Transportes
Educación",alfonso.cepeda@senado.gob.mx,https://www.senado.gob.mx/66/senador/1711,"Seguridad Social, Relaciones Exteriores, Asia-Pacífico, Comisión Especial para revisar y vigilar el proceso de quiebra de Altos Hornos de México, S. A. B. de C. V., Trabajo y Previsión Social","https://www.senado.gob.mx/66/comisiones/ordinarias/401
https://www.senado.gob.mx/66/comisiones/ordinarias/397
https://www.senado.gob.mx/66/comisiones/especiales/413
https://www.senado.gob.mx/66/comisiones/ordinarias/402",/66/images/iconos_partidos/morena_.png,Lista Nacional
27,,"Chávez Treviño, Andrea",morena,"Piso: 4 Oficina: 23 Tel: 55 5345 3000 Ext: 5463 y 3281 Correo:
Presidente(a):
Secretario(a):
Integrante:
Recursos Hídricos e Infraestructura Hidráulica",andrea.chavez@senado.gob.mx,https://www.senado.gob.mx/66/senador/1518,"Bienestar, Comisión Especial de Ciudades Sostenibles, Puntos Constitucionales, Relaciones Exteriores, Seguimiento a la Implementación y Revisión del T-MEC","https://www.senado.gob.mx/66/comisiones/ordinarias/354
https://www.senado.gob.mx/66/comisiones/especiales/424
https://www.senado.gob.mx/66/comisiones/ordinarias/346
https://www.senado.gob.mx/66/comisiones/ordinarias/393
https://www.senado.gob.mx/66/comisiones/ordinarias/412",/66/images/iconos_partidos/morena_.png,Chihuahua
28,,"Chavira De La Rosa, María Guadalupe",morena,"Piso: 3 Oficina: 24 Tel: 55 5345 3000 Ext: 4115, 4116 y 3563 Correo:
Secretario(a):
Reordenamiento Urbano y Vivienda
Integrante:",,https://www.senado.gob.mx/66/senador/1743,"Estudios Legislativos, Relaciones Exteriores, Asia-Pacífico, Para el Seguimiento a la Implementación de la Agenda 2030","https://www.senado.gob.mx/66/comisiones/ordinarias/347
https://www.senado.gob.mx/66/comisiones/ordinarias/397
https://www.senado.gob.mx/66/comisiones/ordinarias/421",/66/images/iconos_partidos/morena_.png,Ciudad de México
29,,"Chíguil Figueroa, Francisco",morena,"Piso: 4 Oficina: 32 Tel: 55 5345 3000 Ext: 4081 Correo:
Secretario(a):
Hacienda y Crédito Público
Fomento Económico y al Emprendimiento
Gobernación
Integrante:",francisco.chiguil@senado.gob.mx,https://www.senado.gob.mx/66/senador/1616,"Asuntos Migratorios, Reglamentos y Prácticas Parlamentarias, Guardia Nacional","https://www.senado.gob.mx/66/comisiones/ordinarias/353
https://www.senado.gob.mx/66/comisiones/ordinarias/392
https://www.senado.gob.mx/66/comisiones/ordinarias/414",/66/images/iconos_partidos/morena_.png,Ciudad de México
30,,"Colosio Riojas, Luis Donaldo",Movimiento Ciudadano,"Piso: 6 Oficina: 25 Tel: 55 5345 3000 Ext: 5214, 5036 y 3096 Correo:
Presidente(a):
Secretario(a):
Integrante:
Para la Igualdad de Género
Seguridad Pública
Salud
Fomento Económico y al Emprendimiento",luis.colosio@senado.gob.mx,https://www.senado.gob.mx/66/senador/1559,"Derechos Digitales, Educación, Seguimiento a la Implementación y Revisión del T-MEC, Puntos Constitucionales, Análisis, Seguimiento y Evaluación sobre la aplicación y desarrollo de la Inteligencia Artificial en México, Comisión Especial para revisar y vigilar el proceso de quiebra de Altos Hornos de México, S. A. B. de C. V.","https://www.senado.gob.mx/66/comisiones/ordinarias/362
https://www.senado.gob.mx/66/comisiones/ordinarias/369
https://www.senado.gob.mx/66/comisiones/ordinarias/412
https://www.senado.gob.mx/66/comisiones/ordinarias/346
https://www.senado.gob.mx/66/comisiones/ordinarias/407
https://www.senado.gob.mx/66/comisiones/especiales/413",/66/images/iconos_partidos/MC_.png,Nuevo León
31,,"Corona Nakamura, María del Rocío",PVEM,"Piso: 5 Oficina: 25 Tel: 55 5345 3000 Ext: 3970, 5499  y 2170. Correo:
Presidente(a):
Secretario(a):
Integrante:",rocio.corona@senado.gob.mx,https://www.senado.gob.mx/66/senador/1546,"Asuntos de la Frontera Sur, Reglamentos y Prácticas Parlamentarias, Justicia","https://www.senado.gob.mx/66/comisiones/ordinarias/352
https://www.senado.gob.mx/66/comisiones/ordinarias/392
https://www.senado.gob.mx/66/comisiones/ordinarias/378",/66/images/iconos_partidos/PVEM_.png,Jalisco
32,,"Corral Jurado, Javier",morena,"Piso: 3 Oficina: 7 Tel: 55 5345 3000 Ext: 3519 y 3392 Correo:
Presidente(a):
Secretario(a):
Integrante:
Anticorrupción y Transparencia
Estudios Legislativos, Primera
Cultura",javier.corralj@senado.gob.mx,https://www.senado.gob.mx/66/senador/1714,"Justicia, Radio, Televisión y Cinematografía, Puntos Constitucionales, Ciencia, Humanidades, Tecnología e Innovación, Participación Ciudadana","https://www.senado.gob.mx/66/comisiones/ordinarias/378
https://www.senado.gob.mx/66/comisiones/ordinarias/389
https://www.senado.gob.mx/66/comisiones/ordinarias/346
https://www.senado.gob.mx/66/comisiones/ordinarias/355
https://www.senado.gob.mx/66/comisiones/ordinarias/385",/66/images/iconos_partidos/morena_.png,Chihuahua
33,,"Cortés García, Luisa",morena,"Piso: 3 Oficina: 26 Tel: 55 5345 3000 Ext: 5311, 5434 y 3649 Correo:
Secretario(a):
Desarrollo Municipal
Federalismo
Integrante:
Pesca y Acuacultura
Salud
Pueblos Indígenas y Afromexicanos",luisa.cortes@senado.gob.mx,https://www.senado.gob.mx/66/senador/1561,"Agricultura, Asuntos Migratorios, Comisión Especial de Seguimiento e Impulso al Corredor Interoceánico del Istmo de Tehuantepec, Comunicaciones y Transportes","https://www.senado.gob.mx/66/comisiones/ordinarias/349
https://www.senado.gob.mx/66/comisiones/ordinarias/353
https://www.senado.gob.mx/66/comisiones/especiales/408
https://www.senado.gob.mx/66/comisiones/ordinarias/356",/66/images/iconos_partidos/morena_.png,Oaxaca
34,,"Cortés Mendoza, Marko",PAN,"Piso: 6 Oficina: 11 Tel: 55 5345 3000 Ext: 3251 Correo:
Presidente(a):
Integrante:
Gobernación
Fomento Económico y al Emprendimiento",o.marko.cortes@senado.gob.mx,https://www.senado.gob.mx/66/senador/1716,"Organismos Internacionales, Puntos Constitucionales, Comisión Especial de Economía Circular y Desarrollo Empresarial, Economía","https://www.senado.gob.mx/66/comisiones/ordinarias/383
https://www.senado.gob.mx/66/comisiones/ordinarias/346
https://www.senado.gob.mx/66/comisiones/especiales/423
https://www.senado.gob.mx/66/comisiones/ordinarias/368",/66/images/iconos_partidos/PAN_.png,Michoacán
35,,"Cruz Castellanos, José Manuel",morena,"Piso: 4 Oficina: 8 Tel: 55 5345 3000 Ext: 3628 y 5064 Correo:
Presidente(a):
Secretario(a):
Integrante:",jose.cruzc@senado.gob.mx,https://www.senado.gob.mx/66/senador/1516,"Salud, Medalla Belisario Domínguez, Comisión Especial de Seguimiento e Impulso al Corredor Interoceánico del Istmo de Tehuantepec, Bienestar, Asuntos de la Frontera Sur, Participación Ciudadana","https://www.senado.gob.mx/66/comisiones/ordinarias/399
https://www.senado.gob.mx/66/comisiones/ordinarias/406
https://www.senado.gob.mx/66/comisiones/especiales/408
https://www.senado.gob.mx/66/comisiones/ordinarias/354
https://www.senado.gob.mx/66/comisiones/ordinarias/352
https://www.senado.gob.mx/66/comisiones/ordinarias/385",/66/images/iconos_partidos/morena_.png,Chiapas
36,,"Davis Castro, Homero",morena,"Piso: 4 Oficina: 27 Tel: 55 5345 3000 Ext: 3224 y 3940 Correo:
Secretario(a):
Salud
Puertos e Infraestructura Marítima
Estudios Legislativos, Primera
Integrante:
Seguridad Social",o.homero.davis@senado.gob.mx,https://www.senado.gob.mx/66/senador/1510,"Hacienda y Crédito Público, Ganadería, Administración, Pesca y Acuacultura","https://www.senado.gob.mx/66/comisiones/ordinarias/376
https://www.senado.gob.mx/66/comisiones/ordinarias/374
https://www.senado.gob.mx/66/comisiones/ordinarias/348
https://www.senado.gob.mx/66/comisiones/ordinarias/386",/66/images/iconos_partidos/morena_.png,Baja California Sur
37,,"De León Villard, Sasil",morena,"Piso: 3 Oficina: 9 Tel: 55 5345 3000 Ext: 3553 Correo:
Junta de Coordinación Política:
Grupo Parlamentario del Partido de Movimiento Regeneración Nacional
Secretario(a):
Trabajo y Previsión Social
Integrante:
Juventud
Medio Ambiente, Recursos Naturales y Cambio Climático",sasil.deleon@senado.gob.mx,https://www.senado.gob.mx/66/senador/1515,"Relaciones Exteriores, Medalla Belisario Domínguez, Defensa Nacional, Marina, Administración","https://www.senado.gob.mx/66/comisiones/ordinarias/393
https://www.senado.gob.mx/66/comisiones/ordinarias/406
https://www.senado.gob.mx/66/comisiones/ordinarias/359
https://www.senado.gob.mx/66/comisiones/ordinarias/380
https://www.senado.gob.mx/66/comisiones/ordinarias/348",/66/images/iconos_partidos/morena_.png,Chiapas
38,,"Díaz Delgado, Blanca Judith",morena,"Piso: 3 Oficina: 10 Tel: 55 5345 3000 Ext: 3133 y 3110 Correo:
Presidente(a):
Secretario(a):
Participación Ciudadana
Integrante:
Salud
Asuntos de la Frontera Norte",blanca.diaz@senado.gob.mx,https://www.senado.gob.mx/66/senador/1558,"Zonas Metropolitanas y Movilidad, Ganadería, Guardia Nacional, Defensa Nacional, Comunicaciones y Transportes, Administración","https://www.senado.gob.mx/66/comisiones/ordinarias/405
https://www.senado.gob.mx/66/comisiones/ordinarias/374
https://www.senado.gob.mx/66/comisiones/ordinarias/414
https://www.senado.gob.mx/66/comisiones/ordinarias/359
https://www.senado.gob.mx/66/comisiones/ordinarias/356
https://www.senado.gob.mx/66/comisiones/ordinarias/348",/66/images/iconos_partidos/morena_.png,Nuevo León
39,,"Díaz Marmolejo, María de Jesús",PAN,"Piso: 6 Oficina: 9 Tel: 55 5345 3000 Ext: 5389 y 5072 Correo:
Secretario(a):
Comunicaciones y Transportes
Economía
Integrante:
Zonas Metropolitanas y Movilidad",maria.diazm@senado.gob.mx,https://www.senado.gob.mx/66/senador/1504,"Justicia, Bienestar, Federalismo, Relaciones Exteriores","https://www.senado.gob.mx/66/comisiones/ordinarias/378
https://www.senado.gob.mx/66/comisiones/ordinarias/354
https://www.senado.gob.mx/66/comisiones/ordinarias/373
https://www.senado.gob.mx/66/comisiones/ordinarias/393",/66/images/iconos_partidos/PAN_.png,Aguascalientes
40,,"Díaz Robles, Verónica",morena,"Piso: 4 Oficina: 2 Tel: 55 5345 3000 Ext: 5365 y 5802 Correo:
Secretario(a):
Desarrollo Municipal
Integrante:",veronica.diaz@senado.gob.mx,https://www.senado.gob.mx/66/senador/1596,"Bienestar, Estudios Legislativos, Derechos Humanos, Para la Igualdad de Género","https://www.senado.gob.mx/66/comisiones/ordinarias/354
https://www.senado.gob.mx/66/comisiones/ordinarias/347
https://www.senado.gob.mx/66/comisiones/ordinarias/363
https://www.senado.gob.mx/66/comisiones/ordinarias/384",/66/images/iconos_partidos/morena_.png,Zacatecas
41,,"Dorantes Lámbarri, Agustín",PAN,"Piso: 6 Oficina: 13 Tel: 55 5345 3000 Ext: 3484 Correo:
Secretario(a):
Radio, Televisión y Cinematografía
Integrante:
Análisis, Seguimiento y Evaluación sobre la aplicación y desarrollo de la Inteligencia Artificial en México",agustin.dorantes@senado.gob.mx,https://www.senado.gob.mx/66/senador/1567,"Energía, Recursos Hídricos e Infraestructura Hidráulica, Comunicaciones y Transportes, Seguridad Pública","https://www.senado.gob.mx/66/comisiones/ordinarias/370
https://www.senado.gob.mx/66/comisiones/ordinarias/390
https://www.senado.gob.mx/66/comisiones/ordinarias/356
https://www.senado.gob.mx/66/comisiones/ordinarias/400",/66/images/iconos_partidos/PAN_.png,Querétaro
42,,"Esquer Verdugo, Alejandro",morena,"Piso: 3 Oficina: 23 Tel: 55 5345 3000 Ext: 3254 y 5160 Correo:
Presidente(a):
Integrante:
Agricultura
Seguridad Pública",o.alejandro.esquer@senado.gob.mx,https://www.senado.gob.mx/66/senador/1722,"Comunicaciones y Transportes, Estudios Legislativos, Infraestructura Ferroviaria, Defensa Nacional","https://www.senado.gob.mx/66/comisiones/ordinarias/356
https://www.senado.gob.mx/66/comisiones/ordinarias/347
https://www.senado.gob.mx/66/comisiones/ordinarias/415
https://www.senado.gob.mx/66/comisiones/ordinarias/359",/66/images/iconos_partidos/morena_.png,Lista Nacional
43,,"Esquivel Torres, Laura",PAN,"Piso: 6 Oficina: 6 Tel: 55 5345 3000 Ext: 3395 y 5173 Correo:
Presidente(a):
Integrante:",laura.esquivel@senado.gob.mx,https://www.senado.gob.mx/66/senador/1724,"Derechos de la Niñez y de la Adolescencia, Justicia, Gobernación, Para la Igualdad de Género","https://www.senado.gob.mx/66/comisiones/ordinarias/361
https://www.senado.gob.mx/66/comisiones/ordinarias/378
https://www.senado.gob.mx/66/comisiones/ordinarias/375
https://www.senado.gob.mx/66/comisiones/ordinarias/384",/66/images/iconos_partidos/PAN_.png,Michoacán
44,,"Estrada Mauro, Laura",morena,"Piso: 3 Oficina: 16 Tel: 55 5345 3000 Ext: 3648 Correo:
Secretario(a):
Desarrollo Urbano y Ordenamiento Territorial
Estudios Legislativos, Segunda
Integrante:
Derechos Humanos
Pesca y Acuacultura",laura.estradam@senado.gob.mx,https://www.senado.gob.mx/66/senador/1562,"Comunicaciones y Transportes, Estudios Legislativos, Comisión Especial de Seguimiento e Impulso al Corredor Interoceánico del Istmo de Tehuantepec, Marina","https://www.senado.gob.mx/66/comisiones/ordinarias/356
https://www.senado.gob.mx/66/comisiones/ordinarias/347
https://www.senado.gob.mx/66/comisiones/especiales/408
https://www.senado.gob.mx/66/comisiones/ordinarias/380",/66/images/iconos_partidos/morena_.png,Oaxaca
45,,"Fernández González, Waldo",PVEM,"Piso: 5 Oficina: 19 Tel: 55 5345 3000 Ext: 3053 y 5140 Correo:
Presidente(a):
Integrante:
Administración
Comunicaciones y Transportes
Energía",waldo.fernandez@senado.gob.mx,https://www.senado.gob.mx/66/senador/1557,"Seguimiento a la Implementación y Revisión del T-MEC, Estudios Legislativos, Comisión Especial de Ciudades Sostenibles, Hacienda y Crédito Público","https://www.senado.gob.mx/66/comisiones/ordinarias/412
https://www.senado.gob.mx/66/comisiones/ordinarias/347
https://www.senado.gob.mx/66/comisiones/especiales/424
https://www.senado.gob.mx/66/comisiones/ordinarias/376",/66/images/iconos_partidos/PVEM_.png,Nuevo León
46,,"Fernández Noroña, Gerardo",morena,"Piso: 3 Oficina: 18 Tel: 55 5345 3000 Ext: 3273, 4051 y 5289 Correo:",gerardo.norona@senado.gob.mx,https://www.senado.gob.mx/66/senador/1727,diversas comisiones legislativas,,/66/images/iconos_partidos/morena_.png,Lista Nacional
47,,"García López, José Máximo",PAN,"Piso:  Oficina: Tel:  Ext: Correo:
Integrante:
Relaciones Exteriores, América del Norte",,https://www.senado.gob.mx/66/senador/1604,"Estudios Legislativos, Hacienda y Crédito Público, Asuntos de la Frontera Norte","https://www.senado.gob.mx/66/comisiones/ordinarias/347
https://www.senado.gob.mx/66/comisiones/ordinarias/376
https://www.senado.gob.mx/66/comisiones/ordinarias/351",/66/images/iconos_partidos/PAN_.png,Baja California
48,,"García Medina, Amalia Dolores",Movimiento Ciudadano,"Piso: 6 Oficina: 23 Tel: 55 5345 3000 Ext: 5352 Correo:
Presidente(a):
Secretario(a):
Integrante:
Relaciones Exteriores, Europa
Para la Igualdad de Género",amalia.garcia@senado.gob.mx,https://www.senado.gob.mx/66/senador/1729,"Para el Seguimiento a la Implementación de la Agenda 2030, Bienestar, Asuntos Migratorios, Federalismo, Infraestructura Ferroviaria","https://www.senado.gob.mx/66/comisiones/ordinarias/421
https://www.senado.gob.mx/66/comisiones/ordinarias/354
https://www.senado.gob.mx/66/comisiones/ordinarias/353
https://www.senado.gob.mx/66/comisiones/ordinarias/373
https://www.senado.gob.mx/66/comisiones/ordinarias/415",/66/images/iconos_partidos/MC_.png,Lista Nacional
49,,"García Yáñez, Ángel",PRI,"Piso: 5 Oficina: 3 Tel: 55 5345 3000 Ext: 3605, 3836, 3320 y 3586 Correo:
Presidente(a):
Integrante:
Salud",angel.garcia@senado.gob.mx,https://www.senado.gob.mx/66/senador/1553,"Reforma Agraria, Bienestar, Relaciones Exteriores, Europa, Ganadería","https://www.senado.gob.mx/66/comisiones/ordinarias/391
https://www.senado.gob.mx/66/comisiones/ordinarias/354
https://www.senado.gob.mx/66/comisiones/ordinarias/398
https://www.senado.gob.mx/66/comisiones/ordinarias/374",/66/images/iconos_partidos/PRI_.png,Morelos
50,,"Gómez Leal, José Ramón",morena,"Piso: 4 Oficina: 9 Tel: 55 5345 3000 Ext: 5199 Correo:
Presidente(a):
Integrante:
Desarrollo Urbano y Ordenamiento Territorial",jose.gomezle@senado.gob.mx,https://www.senado.gob.mx/66/senador/1585,"Administración, Marina, Guardia Nacional, Energía","https://www.senado.gob.mx/66/comisiones/ordinarias/348
https://www.senado.gob.mx/66/comisiones/ordinarias/380
https://www.senado.gob.mx/66/comisiones/ordinarias/414
https://www.senado.gob.mx/66/comisiones/ordinarias/370",/66/images/iconos_partidos/morena_.png,Tamaulipas
51,,"González Hernández, Alma Anahí",morena,"Piso: 4 Oficina: 7 Tel: 55 5345 3000 Ext: 3257, 4128, 5877 y 5075 Correo:
Secretario(a):
Turismo
Integrante:",anahi.gonzalez@senado.gob.mx,https://www.senado.gob.mx/66/senador/1569,"Para la Igualdad de Género, Puntos Constitucionales, Derechos de la Niñez y de la Adolescencia, Gobernación","https://www.senado.gob.mx/66/comisiones/ordinarias/384
https://www.senado.gob.mx/66/comisiones/ordinarias/346
https://www.senado.gob.mx/66/comisiones/ordinarias/361
https://www.senado.gob.mx/66/comisiones/ordinarias/375",/66/images/iconos_partidos/morena_.png,Quintana Roo
52,,"González Márquez, Michel",PAN,"Piso: 6 Oficina: 3 Tel: 55 5345 3000 Ext: 3409, 3666 y 4167 Correo:
Secretario(a):
Turismo
Integrante:",michel.gonzalez@senado.gob.mx,https://www.senado.gob.mx/66/senador/1730,"Relaciones Exteriores, Asia-Pacífico, Relaciones Exteriores, Seguimiento a la Implementación y Revisión del T-MEC","https://www.senado.gob.mx/66/comisiones/ordinarias/397
https://www.senado.gob.mx/66/comisiones/ordinarias/393
https://www.senado.gob.mx/66/comisiones/ordinarias/412",/66/images/iconos_partidos/PAN_.png,Guanajuato
53,,"González Silva, Ruth",PVEM,"Piso: 5 Oficina: 29 Tel: 55 5345 3000 Ext: 5250 y 3808 Correo:
Presidente(a):
Secretario(a):
Integrante:
Relaciones Exteriores",ruth.gonzalez@senado.gob.mx,https://www.senado.gob.mx/66/senador/1572,"Relaciones Exteriores, América del Norte, Trabajo y Previsión Social, Marina, Juventud, Ciberseguridad","https://www.senado.gob.mx/66/comisiones/ordinarias/395
https://www.senado.gob.mx/66/comisiones/ordinarias/402
https://www.senado.gob.mx/66/comisiones/ordinarias/380
https://www.senado.gob.mx/66/comisiones/ordinarias/379
https://www.senado.gob.mx/66/comisiones/ordinarias/422",/66/images/iconos_partidos/PVEM_.png,San Luis Potosí
54,,"González Yáñez, Alejandro",PT,"Piso: 6 Oficina: 28 Tel: 55 5345 3000 Ext: 4143 y 3026 Correo:
Presidente(a):
Secretario(a):
Integrante:",alejandro.gonzalezy@senado.gob.mx,https://www.senado.gob.mx/66/senador/1530,"Infraestructura Ferroviaria, Medio Ambiente, Recursos Naturales y Cambio Climático, Puntos Constitucionales, Recursos Hídricos e Infraestructura Hidráulica, Consejo Editorial del Senado de la República.","https://www.senado.gob.mx/66/comisiones/ordinarias/415
https://www.senado.gob.mx/66/comisiones/ordinarias/381
https://www.senado.gob.mx/66/comisiones/ordinarias/346
https://www.senado.gob.mx/66/comisiones/ordinarias/390
https://www.senado.gob.mx/66/comisiones/comites/417",/66/images/iconos_partidos/PT_.png,Durango
55,,"Guadiana Mandujano, Cecilia Guadalupe",morena,"Piso: 4 Oficina: 3 Tel: 55 5345 3000 Ext: 2373 y 5346 Correo:
Secretario(a):
Minería
Derechos Digitales
Integrante:
Para la Igualdad de Género
Energía
Deporte
Seguridad Pública
Seguimiento a la Implementación y Revisión del T-MEC",cecilia.guadiana@senado.gob.mx,https://www.senado.gob.mx/66/senador/1525,"Ciencia, Humanidades, Tecnología e Innovación, Bienestar, Ciberseguridad, Relaciones Exteriores","https://www.senado.gob.mx/66/comisiones/ordinarias/355
https://www.senado.gob.mx/66/comisiones/ordinarias/354
https://www.senado.gob.mx/66/comisiones/ordinarias/422
https://www.senado.gob.mx/66/comisiones/ordinarias/393",/66/images/iconos_partidos/morena_.png,Coahuila
56,,"Guerra Mena, Juanita",PVEM,"Piso: 5 Oficina: 21 Tel: 55 5345 3000 Ext: 5156 y 3302 Correo:
Presidente(a):
Secretario(a):
Análisis, Seguimiento y Evaluación sobre la aplicación y desarrollo de la Inteligencia Artificial en México
Integrante:
Medio Ambiente, Recursos Naturales y Cambio Climático
Derechos Digitales
Federalismo
Seguridad Pública
Puertos e Infraestructura Marítima
Economía
Fomento Económico y al Emprendimiento",juanita.guerra@senado.gob.mx,https://www.senado.gob.mx/66/senador/1552,"Guardia Nacional, Defensa Nacional, Comisión Especial de Economía Circular y Desarrollo Empresarial, Puntos Constitucionales, Salud, Infraestructura Ferroviaria","https://www.senado.gob.mx/66/comisiones/ordinarias/414
https://www.senado.gob.mx/66/comisiones/ordinarias/359
https://www.senado.gob.mx/66/comisiones/especiales/423
https://www.senado.gob.mx/66/comisiones/ordinarias/346
https://www.senado.gob.mx/66/comisiones/ordinarias/399
https://www.senado.gob.mx/66/comisiones/ordinarias/415",/66/images/iconos_partidos/PVEM_.png,Morelos
57,"Secretaria:
Secretario(a):
Integrante:
Salud
Estudios Legislativos, Primera
Relaciones Exteriores, África
Federalismo","Gutiérrez Escalante, Mariela",morena,Piso: 3 Oficina: 6 Tel: 55 5345 3000 Ext: 3657 Correo:,o.mariela.gutierrez@senado.gob.mx,https://www.senado.gob.mx/66/senador/1534,"Mesa Directiva, Comisión Especial de Ciudades Sostenibles, Bienestar, Comunicaciones y Transportes, Seguridad Pública","https://www.senado.gob.mx/66/comisiones/imprimirComision.php?idComision=342
https://www.senado.gob.mx/66/comisiones/especiales/424
https://www.senado.gob.mx/66/comisiones/ordinarias/354
https://www.senado.gob.mx/66/comisiones/ordinarias/356
https://www.senado.gob.mx/66/comisiones/ordinarias/400",/66/images/iconos_partidos/morena_.png,Estado de México
58,,"Harp Iturribarría, Susana",morena,"Piso: 3 Oficina: 8 Tel: 55 5345 3000 Ext: 3272 Correo:
Presidente(a):
Integrante:
Relaciones Exteriores, Europa",susanaharp@senado.gob.mx,https://www.senado.gob.mx/66/senador/1728,"Ciencia, Humanidades, Tecnología e Innovación, Medio Ambiente, Recursos Naturales y Cambio Climático, Cultura, Pueblos Indígenas y Afromexicanos","https://www.senado.gob.mx/66/comisiones/ordinarias/355
https://www.senado.gob.mx/66/comisiones/ordinarias/381
https://www.senado.gob.mx/66/comisiones/ordinarias/357
https://www.senado.gob.mx/66/comisiones/ordinarias/387",/66/images/iconos_partidos/morena_.png,Oaxaca
59,,"Hernández Aceves, Ana Karen",PT,"Piso: 6 Oficina: 27 Tel: 55 5345 3000 Ext: 5545, 3084 y 5177 Correo:
Presidente(a):
Secretario(a):
Integrante:
Gobernación
Puertos e Infraestructura Marítima
Comunicaciones y Transportes
Estudios Legislativos, Primera",ana.hernandeza@senado.gob.mx,https://www.senado.gob.mx/66/senador/1528,"Deporte, Salud, Relaciones Exteriores, Europa, Marina, Derechos Humanos, Energía","https://www.senado.gob.mx/66/comisiones/ordinarias/360
https://www.senado.gob.mx/66/comisiones/ordinarias/399
https://www.senado.gob.mx/66/comisiones/ordinarias/398
https://www.senado.gob.mx/66/comisiones/ordinarias/380
https://www.senado.gob.mx/66/comisiones/ordinarias/363
https://www.senado.gob.mx/66/comisiones/ordinarias/370",/66/images/iconos_partidos/PT_.png,Colima
60,,"Hernández Villafuerte, Gilberto",PVEM,"Piso: 5 Oficina: 20 Tel: 55 5345 3000 Ext: 5053, 3061 y 5157 Correo:
Secretario(a):
Desarrollo Municipal
Integrante:",gilberto.hernandez@senado.gob.mx,https://www.senado.gob.mx/66/senador/1573,"Desarrollo Urbano y Ordenamiento Territorial, Agricultura, Desarrollo Regional","https://www.senado.gob.mx/66/comisiones/ordinarias/367
https://www.senado.gob.mx/66/comisiones/ordinarias/349
https://www.senado.gob.mx/66/comisiones/ordinarias/365",/66/images/iconos_partidos/PVEM_.png,San Luis Potosí
61,,"Herrera Dagdug, José Sabino",morena,"Piso: 4 Oficina: 21 Tel: 55 5345 3000 Ext: 3520 y 3660 Correo:
Presidente(a):
Integrante:
Relaciones Exteriores, África",jose.herrerad@senado.gob.mx,https://www.senado.gob.mx/66/senador/1583,"Ganadería, Hacienda y Crédito Público, Federalismo, Desarrollo Municipal","https://www.senado.gob.mx/66/comisiones/ordinarias/374
https://www.senado.gob.mx/66/comisiones/ordinarias/376
https://www.senado.gob.mx/66/comisiones/ordinarias/373
https://www.senado.gob.mx/66/comisiones/ordinarias/364",/66/images/iconos_partidos/morena_.png,Tabasco
62,,"Huerta Ladrón de Guevara, Manuel",morena,"Piso: 3 Oficina: 29 Tel: 55 5345 3000 Ext: 3169, 3762 y 3763 Correo:
Presidente(a):
Integrante:
Marina
Estudios Legislativos, Segunda
Recursos Hídricos e Infraestructura Hidráulica
Relaciones Exteriores
Infraestructura Ferroviaria
Agricultura",manuel.huerta@senado.gob.mx,https://www.senado.gob.mx/66/senador/1591,"Estudios Legislativos, Primera, Estudios Legislativos, Comisión Especial de Seguimiento e Impulso al Corredor Interoceánico del Istmo de Tehuantepec, Justicia","https://www.senado.gob.mx/66/comisiones/ordinarias/371
https://www.senado.gob.mx/66/comisiones/ordinarias/347
https://www.senado.gob.mx/66/comisiones/especiales/408
https://www.senado.gob.mx/66/comisiones/ordinarias/378",/66/images/iconos_partidos/morena_.png,Veracruz
63,,"Inzunza Cázarez, Enrique",morena,"Piso: 4 Oficina: 13 Tel: 55 5345 3000 Ext: 3204 Correo:
Presidente(a):
Integrante:
Jurisdiccional
Derechos Humanos",enrique.inzunza@senado.gob.mx,https://www.senado.gob.mx/66/senador/1576,"Estudios Legislativos, Defensa Nacional, Gobernación, Justicia","https://www.senado.gob.mx/66/comisiones/ordinarias/347
https://www.senado.gob.mx/66/comisiones/ordinarias/359
https://www.senado.gob.mx/66/comisiones/ordinarias/375
https://www.senado.gob.mx/66/comisiones/ordinarias/378",/66/images/iconos_partidos/morena_.png,Sinaloa
64,,"Jaimes Archundia, Erik Iván",SG,"Piso:  Oficina: Tel: 55 5345 3000 Ext: Correo:
Secretario(a):
Marina
Integrante:",,https://www.senado.gob.mx/66/senador/1675,"Hacienda y Crédito Público, Federalismo, Energía, Relaciones Exteriores, América del Norte","https://www.senado.gob.mx/66/comisiones/ordinarias/376
https://www.senado.gob.mx/66/comisiones/ordinarias/373
https://www.senado.gob.mx/66/comisiones/ordinarias/370
https://www.senado.gob.mx/66/comisiones/ordinarias/395",/66/images/iconos_partidos/SG_.png,Sonora
65,,"Jarero Velázquez, Miguel Pavel",morena,"Piso: 4 Oficina: 10 Tel: 55 5345 3000 Ext: 5113, 3183 y 3159 Correo:
Secretario(a):
Seguridad Social
Análisis, Seguimiento y Evaluación sobre la aplicación y desarrollo de la Inteligencia Artificial en México
Medio Ambiente, Recursos Naturales y Cambio Climático
Integrante:
Agricultura
Economía
Desarrollo Municipal",miguel.jarero@senado.gob.mx,https://www.senado.gob.mx/66/senador/1555,"Estudios Legislativos, Segunda, Estudios Legislativos, Estudios Legislativos, Primera, Bienestar","https://www.senado.gob.mx/66/comisiones/ordinarias/372
https://www.senado.gob.mx/66/comisiones/ordinarias/347
https://www.senado.gob.mx/66/comisiones/ordinarias/371
https://www.senado.gob.mx/66/comisiones/ordinarias/354",/66/images/iconos_partidos/morena_.png,Nayarit
66,"Secretaria:
Secretario(a):
Integrante:","Kantún Can, María Martina",morena,"Piso: 4 Oficina: 15 Tel: 55 5345 3000 Ext: 5204, 3345 y 5286 Correo:",maria.kantun@senado.gob.mx,https://www.senado.gob.mx/66/senador/1512,"Mesa Directiva, Pueblos Indígenas y Afromexicanos, Cultura, Estudios Legislativos, Educación, Relaciones Exteriores, África","https://www.senado.gob.mx/66/comisiones/imprimirComision.php?idComision=342
https://www.senado.gob.mx/66/comisiones/ordinarias/387
https://www.senado.gob.mx/66/comisiones/ordinarias/357
https://www.senado.gob.mx/66/comisiones/ordinarias/347
https://www.senado.gob.mx/66/comisiones/ordinarias/369
https://www.senado.gob.mx/66/comisiones/ordinarias/394",/66/images/iconos_partidos/morena_.png,Campeche
67,,"Loera de la Rosa, Juan Carlos",morena,"Piso: 4 Oficina: 18 Tel: 55 5345 3000 Ext: 3284, 5304 y 4107 Correo:
Presidente(a):
Integrante:
Economía
Educación
Comunicaciones y Transportes
Para la Igualdad de Género",o.juan.loera@senado.gob.mx,https://www.senado.gob.mx/66/senador/1519,"Asuntos de la Frontera Norte, Asuntos Migratorios, Defensa de los Consumidores, Desarrollo Urbano y Ordenamiento Territorial","https://www.senado.gob.mx/66/comisiones/ordinarias/351
https://www.senado.gob.mx/66/comisiones/ordinarias/353
https://www.senado.gob.mx/66/comisiones/ordinarias/358
https://www.senado.gob.mx/66/comisiones/ordinarias/367",/66/images/iconos_partidos/morena_.png,Chihuahua
68,,"Lomelí Bolaños, Carlos",morena,"Piso: 4 Oficina: 24 Tel: 55 5345 3000 Ext: 5116 y 3922 Correo:
Presidente(a):
Secretario(a):
Integrante:",carlos.lomeli@senado.gob.mx,https://www.senado.gob.mx/66/senador/1545,"Marina, Salud, Defensa de los Consumidores, Relaciones Exteriores, América Latina y el Caribe, Estudios Legislativos, Segunda, Administración","https://www.senado.gob.mx/66/comisiones/ordinarias/380
https://www.senado.gob.mx/66/comisiones/ordinarias/399
https://www.senado.gob.mx/66/comisiones/ordinarias/358
https://www.senado.gob.mx/66/comisiones/ordinarias/396
https://www.senado.gob.mx/66/comisiones/ordinarias/372
https://www.senado.gob.mx/66/comisiones/ordinarias/348",/66/images/iconos_partidos/morena_.png,Jalisco
69,,"López Castro, Cynthia Iliana",morena,"Piso: 6 Oficina: 21 Tel: 55 5345 3000 Ext: 3301 Correo:
Presidente(a):
Secretario(a):
Integrante:",cynthialopezcastro@senado.gob.mx,https://www.senado.gob.mx/66/senador/1523,"Defensa de los Consumidores, Educación, Estudios Legislativos, Relaciones Exteriores, América del Norte","https://www.senado.gob.mx/66/comisiones/ordinarias/358
https://www.senado.gob.mx/66/comisiones/ordinarias/369
https://www.senado.gob.mx/66/comisiones/ordinarias/347
https://www.senado.gob.mx/66/comisiones/ordinarias/395",/66/images/iconos_partidos/morena_.png,Ciudad de México
70,,"López Hernández, Edith",morena,"Piso: 3 Oficina: 22 Tel: 55 5345 3000 Ext: 3407 y 5995 Correo:
Presidente(a):
Secretario(a):
Integrante:
Administración",edith.lopez@senado.gob.mx,https://www.senado.gob.mx/66/senador/1723,"Pueblos Indígenas y Afromexicanos, Derechos Humanos, Ciencia, Humanidades, Tecnología e Innovación, Asuntos de la Frontera Sur, Medalla Belisario Domínguez","https://www.senado.gob.mx/66/comisiones/ordinarias/387
https://www.senado.gob.mx/66/comisiones/ordinarias/363
https://www.senado.gob.mx/66/comisiones/ordinarias/355
https://www.senado.gob.mx/66/comisiones/ordinarias/352
https://www.senado.gob.mx/66/comisiones/ordinarias/406",/66/images/iconos_partidos/morena_.png,Lista Nacional
71,,"López Hernández, Adán Augusto",morena,"Piso: 5 Oficina: 4 Tel: 55 5345 3000 Ext: 3211, 3992 y 5976 Correo:
Integrante:",adan.lopez@senado.gob.mx,https://www.senado.gob.mx/66/senador/1725,Puntos Constitucionales,https://www.senado.gob.mx/66/comisiones/ordinarias/346,/66/images/iconos_partidos/morena_.png,Lista Nacional
72,,"Magaña Fonseca, Virginia",PVEM,"Piso: 5 Oficina: 27 Tel: 55 5345 3000 Ext: 4043, 3131 y 5422 Correo:
Presidente(a):
Secretario(a):
Para la Igualdad de Género
Integrante:",virginia.magana@senado.gob.mx,https://www.senado.gob.mx/66/senador/1537,"Medalla Belisario Domínguez, Bienestar, Deporte, Organismos Internacionales, Anticorrupción y Transparencia, Reordenamiento Urbano y Vivienda","https://www.senado.gob.mx/66/comisiones/ordinarias/406
https://www.senado.gob.mx/66/comisiones/ordinarias/354
https://www.senado.gob.mx/66/comisiones/ordinarias/360
https://www.senado.gob.mx/66/comisiones/ordinarias/383
https://www.senado.gob.mx/66/comisiones/ordinarias/350
https://www.senado.gob.mx/66/comisiones/ordinarias/411",/66/images/iconos_partidos/PVEM_.png,Guanajuato
73,,"Márquez Márquez, Miguel",PAN,"Piso: 6 Oficina: 15 Tel: 55 5345 3000 Ext: 3029 Correo:
Presidente(a):
Integrante:
Economía",miguel.marquez@senado.gob.mx,https://www.senado.gob.mx/66/senador/1538,"Desarrollo Regional, Agricultura, Trabajo y Previsión Social, Asuntos Migratorios","https://www.senado.gob.mx/66/comisiones/ordinarias/365
https://www.senado.gob.mx/66/comisiones/ordinarias/349
https://www.senado.gob.mx/66/comisiones/ordinarias/402
https://www.senado.gob.mx/66/comisiones/ordinarias/353",/66/images/iconos_partidos/PAN_.png,Guanajuato
74,,"Martín del Campo Martín del Campo, Juan Antonio",PAN,"Piso: 6 Oficina: 19 Tel: 55 5345 3000 Ext: 3179 y 5857 Correo:
Presidente(a):
Integrante:
Salud
Reforma Agraria
Administración",martindelcampo@senado.gob.mx,https://www.senado.gob.mx/66/senador/1503,"Estudios Legislativos, Segunda, Relaciones Exteriores, América Latina y el Caribe, Energía, Ganadería","https://www.senado.gob.mx/66/comisiones/ordinarias/372
https://www.senado.gob.mx/66/comisiones/ordinarias/396
https://www.senado.gob.mx/66/comisiones/ordinarias/370
https://www.senado.gob.mx/66/comisiones/ordinarias/374",/66/images/iconos_partidos/PAN_.png,Aguascalientes
75,,"Martínez Miranda, Higinio",morena,"Piso: 3 Oficina: 13 Tel: 55 5345 3000 Ext: 5377  y 5481 Correo:
Secretario(a):
Federalismo
Integrante:",higinio.martinez@senado.gob.mx,https://www.senado.gob.mx/66/senador/1533,"Defensa Nacional, Gobernación, Anticorrupción y Transparencia","https://www.senado.gob.mx/66/comisiones/ordinarias/359
https://www.senado.gob.mx/66/comisiones/ordinarias/375
https://www.senado.gob.mx/66/comisiones/ordinarias/350",/66/images/iconos_partidos/morena_.png,Estado de México
76,,"Martínez Simón, Mayuli Latifa",PAN,"Piso: 6 Oficina: 2 Tel: 55 5345 3000 Ext: 5397, 3533 y 3216 Correo:
Presidente(a):
Secretario(a):
Integrante:
Estudios Legislativos, Segunda
Relaciones Exteriores, Europa
Turismo",oficina.mayuli.martinez@senado.gob.mx,https://www.senado.gob.mx/66/senador/1571,"Reglamentos y Prácticas Parlamentarias, Seguridad Social, Estudios Legislativos, Medio Ambiente, Recursos Naturales y Cambio Climático, Para el Seguimiento a la Implementación de la Agenda 2030","https://www.senado.gob.mx/66/comisiones/ordinarias/392
https://www.senado.gob.mx/66/comisiones/ordinarias/401
https://www.senado.gob.mx/66/comisiones/ordinarias/347
https://www.senado.gob.mx/66/comisiones/ordinarias/381
https://www.senado.gob.mx/66/comisiones/ordinarias/421",/66/images/iconos_partidos/PAN_.png,Quintana Roo
77,,"Melgar Bravo, Luis Armando",PVEM,"Piso: 5 Oficina: 28 Tel: 55 5345 3000 Ext: 5330 y 5938 Correo:
Presidente(a):
Secretario(a):
Integrante:",luis.melgar@senado.gob.mx,https://www.senado.gob.mx/66/senador/1517,"Reordenamiento Urbano y Vivienda, Seguridad Pública, Justicia, Seguimiento a la Implementación y Revisión del T-MEC, Turismo","https://www.senado.gob.mx/66/comisiones/ordinarias/411
https://www.senado.gob.mx/66/comisiones/ordinarias/400
https://www.senado.gob.mx/66/comisiones/ordinarias/378
https://www.senado.gob.mx/66/comisiones/ordinarias/412
https://www.senado.gob.mx/66/comisiones/ordinarias/403",/66/images/iconos_partidos/PVEM_.png,Chiapas
78,,"Mendoza Amezcua, Virgilio",PVEM,"Piso: 5 Oficina: 26 Tel: 55 5345 3000 Ext: 3658, 5310 y 5390 Correo:
Secretario(a):
Relaciones Exteriores, Asia-Pacífico
Integrante:
Recursos Hídricos e Infraestructura Hidráulica
Defensa de los Consumidores
Desarrollo Regional
Economía",virgilio.mendoza@senado.gob.mx,https://www.senado.gob.mx/66/senador/1527,"Marina, Relaciones Exteriores, Europa, Comisión Especial para revisar y vigilar el proceso de quiebra de Altos Hornos de México, S. A. B. de C. V., Energía","https://www.senado.gob.mx/66/comisiones/ordinarias/380
https://www.senado.gob.mx/66/comisiones/ordinarias/398
https://www.senado.gob.mx/66/comisiones/especiales/413
https://www.senado.gob.mx/66/comisiones/ordinarias/370",/66/images/iconos_partidos/PVEM_.png,Colima
79,,"Mercado Salgado, Víctor",morena,"Piso: 4 Oficina: 11 Tel: 55 5345 3000 Ext: 3978, 2993 y 3359 Correo:
Secretario(a):
Desarrollo Rural
Medio Ambiente, Recursos Naturales y Cambio Climático
Integrante:",victor.mercado@senado.gob.mx,https://www.senado.gob.mx/66/senador/1551,"Jurisdiccional, Relaciones Exteriores, América Latina y el Caribe, Radio, Televisión y Cinematografía","https://www.senado.gob.mx/66/comisiones/ordinarias/377
https://www.senado.gob.mx/66/comisiones/ordinarias/396
https://www.senado.gob.mx/66/comisiones/ordinarias/389",/66/images/iconos_partidos/morena_.png,Morelos
80,,"Micher Camarena, Martha Lucía",morena,"Piso: 4 Oficina: 25 Tel: 55 5345 3000 Ext: 3278 y 5144 Correo:
Presidente(a):
Integrante:",malu.micher@senado.gob.mx,https://www.senado.gob.mx/66/senador/1721,"Para la Igualdad de Género, Justicia, Trabajo y Previsión Social, Economía","https://www.senado.gob.mx/66/comisiones/ordinarias/384
https://www.senado.gob.mx/66/comisiones/ordinarias/378
https://www.senado.gob.mx/66/comisiones/ordinarias/402
https://www.senado.gob.mx/66/comisiones/ordinarias/368",/66/images/iconos_partidos/morena_.png,Guanajuato
81,,"Mier Velazco, Ignacio",morena,"Piso: 3 Oficina: 15 Tel: 55 5345 3000 Ext: 3063 Correo:
Presidente:
Junta de Coordinación Política
Integrante:",ignacio.mier@senado.gob.mx,https://www.senado.gob.mx/66/senador/1563,"Puntos Constitucionales, Comisión Especial de Ciudades Sostenibles","https://www.senado.gob.mx/66/comisiones/ordinarias/346
https://www.senado.gob.mx/66/comisiones/especiales/424",/66/images/iconos_partidos/morena_.png,Puebla
82,,"Mojica Morga, Beatriz",morena,"Piso: 4 Oficina: 31 Tel: 55 5345 3000 Ext: 2980, 2979 y 5827 Correo:
Presidente(a):
Integrante:
Comunicaciones y Transportes
Derechos de la Niñez y de la Adolescencia
Pueblos Indígenas y Afromexicanos
Estudios Legislativos, Segunda
Turismo",beatriz.mojica@senado.gob.mx,https://www.senado.gob.mx/66/senador/1539,"Cultura, Puntos Constitucionales, Puertos e Infraestructura Marítima, Asuntos Migratorios","https://www.senado.gob.mx/66/comisiones/ordinarias/357
https://www.senado.gob.mx/66/comisiones/ordinarias/346
https://www.senado.gob.mx/66/comisiones/ordinarias/388
https://www.senado.gob.mx/66/comisiones/ordinarias/353",/66/images/iconos_partidos/morena_.png,Guerrero
83,,"Monreal Ávila, Saúl",morena,"Piso: 3 Oficina: 30 Tel: 55 5345 3000 Ext: 3482, 5816 y 5398 Correo:
Presidente(a):
Secretario(a):
Integrante:
Organismos Internacionales
Minería
Infraestructura Ferroviaria",saul.monreal@senado.gob.mx,https://www.senado.gob.mx/66/senador/1597,"Jurisdiccional, Puntos Constitucionales, Justicia, Derechos Humanos, Ciberseguridad","https://www.senado.gob.mx/66/comisiones/ordinarias/377
https://www.senado.gob.mx/66/comisiones/ordinarias/346
https://www.senado.gob.mx/66/comisiones/ordinarias/378
https://www.senado.gob.mx/66/comisiones/ordinarias/363
https://www.senado.gob.mx/66/comisiones/ordinarias/422",/66/images/iconos_partidos/morena_.png,Zacatecas
84,,"Morales Toledo, Antonino",morena,"Piso: 4 Oficina: 26 Tel: 55 5345 3000 Ext: 5906 y 5960 Correo:
Presidente(a):
Secretario(a):
Integrante:",antonino.morales@senado.gob.mx,https://www.senado.gob.mx/66/senador/1560,"Comisión Especial de Seguimiento e Impulso al Corredor Interoceánico del Istmo de Tehuantepec, Reordenamiento Urbano y Vivienda, Asuntos de la Frontera Sur, Derechos Humanos, Desarrollo Rural, Estudios Legislativos, Segunda","https://www.senado.gob.mx/66/comisiones/especiales/408
https://www.senado.gob.mx/66/comisiones/ordinarias/411
https://www.senado.gob.mx/66/comisiones/ordinarias/352
https://www.senado.gob.mx/66/comisiones/ordinarias/363
https://www.senado.gob.mx/66/comisiones/ordinarias/366
https://www.senado.gob.mx/66/comisiones/ordinarias/372",/66/images/iconos_partidos/morena_.png,Oaxaca
85,,"Moreno Cárdenas, Alejandro",PRI,"Piso: 5 Oficina: 1 Tel: 55 5345 3000 Ext: 5592 y 3576 Correo:
Presidente(a):
Secretario(a):
Integrante:",alejandro.moreno@senado.gob.mx,https://www.senado.gob.mx/66/senador/1720,"Ciberseguridad, Derechos Humanos, Comisión Especial de Seguimiento e Impulso al Corredor Interoceánico del Istmo de Tehuantepec, Defensa Nacional, Relaciones Exteriores, Seguimiento a la Implementación y Revisión del T-MEC","https://www.senado.gob.mx/66/comisiones/ordinarias/422
https://www.senado.gob.mx/66/comisiones/ordinarias/363
https://www.senado.gob.mx/66/comisiones/especiales/408
https://www.senado.gob.mx/66/comisiones/ordinarias/359
https://www.senado.gob.mx/66/comisiones/ordinarias/393
https://www.senado.gob.mx/66/comisiones/ordinarias/412",/66/images/iconos_partidos/PRI_.png,Lista Nacional
86,,"Morón Orozco, Raúl",morena,"Piso: 3 Oficina: 20 Tel: 55 5345 3000 Ext: 3199 y 5340 Correo:
Presidente(a):
Integrante:
Salud",raul.moron@senado.gob.mx,https://www.senado.gob.mx/66/senador/1549,"Educación, Bienestar, Relaciones Exteriores, América Latina y el Caribe, Comunicaciones y Transportes","https://www.senado.gob.mx/66/comisiones/ordinarias/369
https://www.senado.gob.mx/66/comisiones/ordinarias/354
https://www.senado.gob.mx/66/comisiones/ordinarias/396
https://www.senado.gob.mx/66/comisiones/ordinarias/356",/66/images/iconos_partidos/morena_.png,Michoacán
87,,"Murat Hinojosa, Alejandro",morena,"Piso: 4 Oficina: 6 Tel: 55 5345 3000 Ext: 3036 Correo:
Presidente(a):
Integrante:
Reordenamiento Urbano y Vivienda
Desarrollo Regional
Seguimiento a la Implementación y Revisión del T-MEC
Fomento Económico y al Emprendimiento
Infraestructura Ferroviaria
Marina
Para el Seguimiento a la Implementación de la Agenda 2030",alejandro.murat@senado.gob.mx,https://www.senado.gob.mx/66/senador/1719,"Relaciones Exteriores, Estudios Legislativos, Comisión Especial de Economía Circular y Desarrollo Empresarial, Relaciones Exteriores, América del Norte","https://www.senado.gob.mx/66/comisiones/ordinarias/393
https://www.senado.gob.mx/66/comisiones/ordinarias/347
https://www.senado.gob.mx/66/comisiones/especiales/423
https://www.senado.gob.mx/66/comisiones/ordinarias/395",/66/images/iconos_partidos/morena_.png,Lista Nacional
88,,"Murguía Gutiérrez, María Guadalupe",PAN,"Piso: 6 Oficina: 17 Tel: 55 5345 3000 Ext: 3094 Correo:
Secretario(a):
Integrante:
Educación
Salud",maria.murguia@senado.gob.mx,https://www.senado.gob.mx/66/senador/1566,"Infraestructura Ferroviaria, Justicia, Consejo Editorial del Senado de la República., Ciencia, Humanidades, Tecnología e Innovación","https://www.senado.gob.mx/66/comisiones/ordinarias/415
https://www.senado.gob.mx/66/comisiones/ordinarias/378
https://www.senado.gob.mx/66/comisiones/comites/417
https://www.senado.gob.mx/66/comisiones/ordinarias/355",/66/images/iconos_partidos/PAN_.png,Querétaro
89,,"Ochoa Fernández, Cuauhtémoc",morena,"Piso: 4 Oficina: 16 Tel: 55 5345 3000 Ext: 3072 y 5226 Correo:
Secretario(a):
Integrante:
Ganadería
Relaciones Exteriores, Europa",cuauhtemoc.ochoa@senado.gob.mx,https://www.senado.gob.mx/66/senador/1543,"Comisión Especial para revisar y vigilar el proceso de quiebra de Altos Hornos de México, S. A. B. de C. V., Relaciones Exteriores, Hacienda y Crédito Público, Energía","https://www.senado.gob.mx/66/comisiones/especiales/413
https://www.senado.gob.mx/66/comisiones/ordinarias/393
https://www.senado.gob.mx/66/comisiones/ordinarias/376
https://www.senado.gob.mx/66/comisiones/ordinarias/370",/66/images/iconos_partidos/morena_.png,Hidalgo
90,"Secretaria:
Integrante:
Bienestar
Relaciones Exteriores, América Latina y el Caribe
Organismos Internacionales
Trabajo y Previsión Social","Olvera Bautista, Simey",morena,Piso: 3 Oficina: 31 Tel: 55 5345 3000 Ext: 3473 y 5934 Correo:,simey.olvera@senado.gob.mx,https://www.senado.gob.mx/66/senador/1542,"Mesa Directiva, Estudios Legislativos, Desarrollo Municipal, Justicia","https://www.senado.gob.mx/66/comisiones/imprimirComision.php?idComision=342
https://www.senado.gob.mx/66/comisiones/ordinarias/347
https://www.senado.gob.mx/66/comisiones/ordinarias/364
https://www.senado.gob.mx/66/comisiones/ordinarias/378",/66/images/iconos_partidos/morena_.png,Hidalgo
91,,"Ortiz Domínguez, Maki Esther",PVEM,"Piso: 5 Oficina: 23 Tel: 55 5345 3000 Ext: 5335, 5496 y 3440 Correo:
Presidente(a):
Secretario(a):
Integrante:
Defensa Nacional
Seguimiento a la Implementación y Revisión del T-MEC",maki.ortiz@senado.gob.mx,https://www.senado.gob.mx/66/senador/1717,"Medio Ambiente, Recursos Naturales y Cambio Climático, Salud, Minería, Seguridad Social, Infraestructura Ferroviaria","https://www.senado.gob.mx/66/comisiones/ordinarias/381
https://www.senado.gob.mx/66/comisiones/ordinarias/399
https://www.senado.gob.mx/66/comisiones/ordinarias/382
https://www.senado.gob.mx/66/comisiones/ordinarias/401
https://www.senado.gob.mx/66/comisiones/ordinarias/415",/66/images/iconos_partidos/PVEM_.png,Tamaulipas
92,,"Ostoa Ortega, Aníbal",morena,"Piso: 3 Oficina: 4 Tel: 55 5345 3000 Ext: 4509 y 3549 Correo:
Secretario(a):
Desarrollo Regional
Integrante:",anibal.ostoa@senado.gob.mx,https://www.senado.gob.mx/66/senador/1513,"Educación, Radio, Televisión y Cinematografía, Trabajo y Previsión Social","https://www.senado.gob.mx/66/comisiones/ordinarias/369
https://www.senado.gob.mx/66/comisiones/ordinarias/389
https://www.senado.gob.mx/66/comisiones/ordinarias/402",/66/images/iconos_partidos/morena_.png,Campeche
93,,"Polevnsky Gurwitz, Yeidckol",PT,"Piso: 6 Oficina: 29 Tel: 55 5345 3000 Ext: 3378 y 3213 Correo:
Presidente(a):
Integrante:
Análisis, Seguimiento y Evaluación sobre la aplicación y desarrollo de la Inteligencia Artificial en México
Relaciones Exteriores, América Latina y el Caribe
Relaciones Exteriores, África
Seguimiento a la Implementación y Revisión del T-MEC
Infraestructura Ferroviaria
Para el Seguimiento a la Implementación de la Agenda 2030",yeidckol.polevnsky@senado.gob.mx,https://www.senado.gob.mx/66/senador/1715,"Relaciones Exteriores, Asia-Pacífico, Economía, Comisión Especial de Seguimiento e Impulso al Corredor Interoceánico del Istmo de Tehuantepec, Energía","https://www.senado.gob.mx/66/comisiones/ordinarias/397
https://www.senado.gob.mx/66/comisiones/ordinarias/368
https://www.senado.gob.mx/66/comisiones/especiales/408
https://www.senado.gob.mx/66/comisiones/ordinarias/370",/66/images/iconos_partidos/PT_.png,Lista Nacional
94,,"Ramírez Acuña, Francisco Javier",PAN,"Piso: 6 Oficina: 16 Tel: 55 5345 3000 Ext: 3012, 5569, 5441 y 3508 Correo:
Presidente(a):
Integrante:",francisco.ramireza@senado.gob.mx,https://www.senado.gob.mx/66/senador/1547,"Relaciones Exteriores, Europa, Relaciones Exteriores, Infraestructura Ferroviaria, Marina","https://www.senado.gob.mx/66/comisiones/ordinarias/398
https://www.senado.gob.mx/66/comisiones/ordinarias/393
https://www.senado.gob.mx/66/comisiones/ordinarias/415
https://www.senado.gob.mx/66/comisiones/ordinarias/380",/66/images/iconos_partidos/PAN_.png,Jalisco
95,Vicepresidente:,"Ramírez Marín, Jorge Carlos",PVEM,Piso: 5 Oficina: 30 Tel: 55 5345 3000 Ext: 5448 y 3505 Correo:,jcarlos.ramirez@senado.gob.mx,https://www.senado.gob.mx/66/senador/1594,Mesa Directiva,https://www.senado.gob.mx/66/comisiones/imprimirComision.php?idComision=342,/66/images/iconos_partidos/PVEM_.png,Yucatán
96,,"Ramírez Padilla, Julieta",morena,"Piso: 4 Oficina: 29 Tel: 55 5345 3000 Ext: 3597 Correo:
Integrante:
Derechos de la Niñez y de la Adolescencia",julieta.ramirez@senado.gob.mx,https://www.senado.gob.mx/66/senador/1506,"Puntos Constitucionales, Salud, Comisión Especial para revisar y vigilar el proceso de quiebra de Altos Hornos de México, S. A. B. de C. V.","https://www.senado.gob.mx/66/comisiones/ordinarias/346
https://www.senado.gob.mx/66/comisiones/ordinarias/399
https://www.senado.gob.mx/66/comisiones/especiales/413",/66/images/iconos_partidos/morena_.png,Baja California
97,,"Reyes Carmona, Emmanuel",morena,"Piso: 4 Oficina: 12 Tel: 55 5345 3000 Ext: 3404, 3167, 5532 y 3037 Correo:
Presidente(a):
Secretario(a):
Anticorrupción y Transparencia
Estudios Legislativos, Primera
Integrante:
Relaciones Exteriores, América del Norte
Salud
Seguimiento a la Implementación y Revisión del T-MEC
Infraestructura Ferroviaria
Para el Seguimiento a la Implementación de la Agenda 2030",emmanuel.reyes@senado.gob.mx,https://www.senado.gob.mx/66/senador/1750,"Economía, Zonas Metropolitanas y Movilidad, Fomento Económico y al Emprendimiento, Para la Igualdad de Género, Hacienda y Crédito Público, Comisión Especial de Economía Circular y Desarrollo Empresarial","https://www.senado.gob.mx/66/comisiones/ordinarias/368
https://www.senado.gob.mx/66/comisiones/ordinarias/405
https://www.senado.gob.mx/66/comisiones/ordinarias/416
https://www.senado.gob.mx/66/comisiones/ordinarias/384
https://www.senado.gob.mx/66/comisiones/ordinarias/376
https://www.senado.gob.mx/66/comisiones/especiales/423",/66/images/iconos_partidos/morena_.png,Guanajuato
98,,"Reyes Hernández, Ivideliza",PAN,"Piso: 6 Oficina: 10 Tel: 55 5345 3000 Ext: 3019, 3020, 5801 y 5905 Correo:
Presidente(a):
Integrante:
Educación
Pueblos Indígenas y Afromexicanos
Cultura",ivideliza.reyes@senado.gob.mx,https://www.senado.gob.mx/66/senador/1556,"Pesca y Acuacultura, Ciencia, Humanidades, Tecnología e Innovación, Ciberseguridad, Agricultura","https://www.senado.gob.mx/66/comisiones/ordinarias/386
https://www.senado.gob.mx/66/comisiones/ordinarias/355
https://www.senado.gob.mx/66/comisiones/ordinarias/422
https://www.senado.gob.mx/66/comisiones/ordinarias/349",/66/images/iconos_partidos/PAN_.png,Nayarit
99,,"Riquelme Solís, Miguel Ángel",PRI,"Piso: 5 Oficina: 9 Tel: 55 5345 3000 Ext: 5012, 5048 y 3490 Correo:
Presidente(a):
Integrante:
Desarrollo Municipal
Desarrollo Regional
Seguridad Pública
Relaciones Exteriores, América del Norte",miguel.riquelme@senado.gob.mx,https://www.senado.gob.mx/66/senador/1526,"Federalismo, Economía, Comisión Especial para revisar y vigilar el proceso de quiebra de Altos Hornos de México, S. A. B. de C. V., Energía","https://www.senado.gob.mx/66/comisiones/ordinarias/373
https://www.senado.gob.mx/66/comisiones/ordinarias/368
https://www.senado.gob.mx/66/comisiones/especiales/413
https://www.senado.gob.mx/66/comisiones/ordinarias/370",/66/images/iconos_partidos/PRI_.png,Coahuila
100,,"Rivera Rivera, Ana Lilia",morena,"Piso: 4 Oficina: 14 Tel: 55 5345 3000 Ext: 3260, 3342 y 5487 Correo:
Presidente(a):
Integrante:
Organismos Internacionales
Pueblos Indígenas y Afromexicanos",oficina.ana.lilia.rivera@senado.gob.mx,https://www.senado.gob.mx/66/senador/1588,"Defensa Nacional, Agricultura, Reforma Agraria, Desarrollo Rural","https://www.senado.gob.mx/66/comisiones/ordinarias/359
https://www.senado.gob.mx/66/comisiones/ordinarias/349
https://www.senado.gob.mx/66/comisiones/ordinarias/391
https://www.senado.gob.mx/66/comisiones/ordinarias/366",/66/images/iconos_partidos/morena_.png,Tlaxcala
101,,"Robles Gutiérrez, Beatriz Silvia",morena,"Piso: 3 Oficina: 21 Tel: 55 5345 3000 Ext: 5267, 3134 y 4213 Correo:
Presidente(a):
Secretario(a):
Integrante:
Educación",beatriz.robles@senado.gob.mx,https://www.senado.gob.mx/66/senador/1568,"Energía, Relaciones Exteriores, Europa, Relaciones Exteriores, Ciencia, Humanidades, Tecnología e Innovación, Infraestructura Ferroviaria","https://www.senado.gob.mx/66/comisiones/ordinarias/370
https://www.senado.gob.mx/66/comisiones/ordinarias/398
https://www.senado.gob.mx/66/comisiones/ordinarias/393
https://www.senado.gob.mx/66/comisiones/ordinarias/355
https://www.senado.gob.mx/66/comisiones/ordinarias/415",/66/images/iconos_partidos/morena_.png,Querétaro
102,,"Rodríguez Hernández, Verónica",PAN,"Piso: 6 Oficina: 5 Tel: 55 5345 3000 Ext: 3022 y 5245 Correo:
Presidente(a):
Integrante:
Derechos Humanos",veronica.rodriguez@senado.gob.mx,https://www.senado.gob.mx/66/senador/1574,"Participación Ciudadana, Puntos Constitucionales, Educación, Jurisdiccional","https://www.senado.gob.mx/66/comisiones/ordinarias/385
https://www.senado.gob.mx/66/comisiones/ordinarias/346
https://www.senado.gob.mx/66/comisiones/ordinarias/369
https://www.senado.gob.mx/66/comisiones/ordinarias/377",/66/images/iconos_partidos/PAN_.png,San Luis Potosí
103,,"Romero Celis, Mely",PRI,"Piso: 5 Oficina: 13 Tel: 55 5345 3000 Ext: 3583 y 3501 Correo:
Presidente(a):
Integrante:
Reordenamiento Urbano y Vivienda
Participación Ciudadana",mely.romero@senado.gob.mx,https://www.senado.gob.mx/66/senador/1529,"Desarrollo Rural, Para la Igualdad de Género, Para el Seguimiento a la Implementación de la Agenda 2030, Desarrollo Urbano y Ordenamiento Territorial","https://www.senado.gob.mx/66/comisiones/ordinarias/366
https://www.senado.gob.mx/66/comisiones/ordinarias/384
https://www.senado.gob.mx/66/comisiones/ordinarias/421
https://www.senado.gob.mx/66/comisiones/ordinarias/367",/66/images/iconos_partidos/PRI_.png,Colima
104,,"Ruiz Ruiz, Karina Isabel",morena,"Piso: 4 Oficina: 28 Tel: 55 5345 3000 Ext: 3059, 3058 y 3057 Correo:
Secretario(a):
Relaciones Exteriores, América del Norte
Integrante:
Gobernación
Zonas Metropolitanas y Movilidad
Asuntos de la Frontera Norte
Reglamentos y Prácticas Parlamentarias
Análisis, Seguimiento y Evaluación sobre la aplicación y desarrollo de la Inteligencia Artificial en México
Seguimiento a la Implementación y Revisión del T-MEC
Salud
Educación","karina.ruiz@senado.gob.mx, o.karina.ruiz@senado.gob.mx",https://www.senado.gob.mx/66/senador/1713,"Asuntos Migratorios, Relaciones Exteriores, Infraestructura Ferroviaria, Economía","https://www.senado.gob.mx/66/comisiones/ordinarias/353
https://www.senado.gob.mx/66/comisiones/ordinarias/393
https://www.senado.gob.mx/66/comisiones/ordinarias/415
https://www.senado.gob.mx/66/comisiones/ordinarias/368",/66/images/iconos_partidos/morena_.png,Lista Nacional
105,,"Ruíz Sandoval, Cristina",PRI,"Piso: 5 Oficina: 7 Tel: 55 5345 3000 Ext: 5273, 4127 y 3045 Correo:
Secretario(a):
Integrante:
Medalla Belisario Domínguez",cristina.ruiz@senado.gob.mx,https://www.senado.gob.mx/66/senador/1712,"Administración, Hacienda y Crédito Público, Turismo, Zonas Metropolitanas y Movilidad","https://www.senado.gob.mx/66/comisiones/ordinarias/348
https://www.senado.gob.mx/66/comisiones/ordinarias/376
https://www.senado.gob.mx/66/comisiones/ordinarias/403
https://www.senado.gob.mx/66/comisiones/ordinarias/405",/66/images/iconos_partidos/PRI_.png,Lista Nacional
106,,"Ruvalcaba Gámez, Nora",morena,"Piso: 3 Oficina: 12 Tel: 55 5345 3000 Ext: 3198 y 3171 Correo:
Secretario(a):
Relaciones Exteriores, África
Integrante:
Educación
Estudios Legislativos, Primera
Guardia Nacional",nora.ruvalcaba@senado.gob.mx,https://www.senado.gob.mx/66/senador/1505,"Reglamentos y Prácticas Parlamentarias, Justicia, Infraestructura Ferroviaria, Hacienda y Crédito Público","https://www.senado.gob.mx/66/comisiones/ordinarias/392
https://www.senado.gob.mx/66/comisiones/ordinarias/378
https://www.senado.gob.mx/66/comisiones/ordinarias/415
https://www.senado.gob.mx/66/comisiones/ordinarias/376",/66/images/iconos_partidos/morena_.png,Aguascalientes
107,,"Salazar Fernández, Luis Fernando",morena,"Piso: 3 Oficina: 11 Tel: 55 5345 3000 Ext: 3123 y 3554 Correo:
Presidente(a):
Secretario(a):
Relaciones Exteriores, Asia-Pacífico
Seguridad Pública
Integrante:
Anticorrupción y Transparencia
Derechos Digitales
Seguridad Social",luis.salazar@senado.gob.mx,https://www.senado.gob.mx/66/senador/1524,"Comisión Especial para revisar y vigilar el proceso de quiebra de Altos Hornos de México, S. A. B. de C. V., Organismos Internacionales, Guardia Nacional, Justicia, Recursos Hídricos e Infraestructura Hidráulica, Infraestructura Ferroviaria","https://www.senado.gob.mx/66/comisiones/especiales/413
https://www.senado.gob.mx/66/comisiones/ordinarias/383
https://www.senado.gob.mx/66/comisiones/ordinarias/414
https://www.senado.gob.mx/66/comisiones/ordinarias/378
https://www.senado.gob.mx/66/comisiones/ordinarias/390
https://www.senado.gob.mx/66/comisiones/ordinarias/415",/66/images/iconos_partidos/morena_.png,Coahuila
108,,"Salgado Macedonio, J. Félix",morena,"Piso: 3 Oficina: 1 Tel: 55 5345 3000 Ext: 3118, 3416 y 5392 Correo:
Presidente(a):
Integrante:
Reforma Agraria
Relaciones Exteriores, Europa
Fomento Económico y al Emprendimiento",jfelix.salgado@senado.gob.mx,https://www.senado.gob.mx/66/senador/1540,"Relaciones Exteriores, América Latina y el Caribe, Desarrollo Regional, Defensa Nacional, Puertos e Infraestructura Marítima","https://www.senado.gob.mx/66/comisiones/ordinarias/396
https://www.senado.gob.mx/66/comisiones/ordinarias/365
https://www.senado.gob.mx/66/comisiones/ordinarias/359
https://www.senado.gob.mx/66/comisiones/ordinarias/388",/66/images/iconos_partidos/morena_.png,Guerrero
109,"Secretaria:
Secretario(a):
Integrante:
Hacienda y Crédito Público
Agricultura
Salud
Fomento Económico y al Emprendimiento","Sánchez García, Lizeth",PT,Piso: 6 Oficina: 30 Tel: 55 5345 3000 Ext: 5020 y 5108 Correo:,liz.sanchez@senado.gob.mx,https://www.senado.gob.mx/66/senador/1564,"Mesa Directiva, Bienestar, Comunicaciones y Transportes, Puntos Constitucionales, Justicia, Comisión Especial de Economía Circular y Desarrollo Empresarial","https://www.senado.gob.mx/66/comisiones/imprimirComision.php?idComision=342
https://www.senado.gob.mx/66/comisiones/ordinarias/354
https://www.senado.gob.mx/66/comisiones/ordinarias/356
https://www.senado.gob.mx/66/comisiones/ordinarias/346
https://www.senado.gob.mx/66/comisiones/ordinarias/378
https://www.senado.gob.mx/66/comisiones/especiales/423",/66/images/iconos_partidos/PT_.png,Tlaxcala
110,,"Sánchez Ramos, Paloma",PRI,"Piso: 5 Oficina: 6 Tel: 55 5345 3000 Ext: 3166 y 3565 Correo:
Presidente(a):
Secretario(a):
Integrante:",paloma.sanchez@senado.gob.mx,https://www.senado.gob.mx/66/senador/1577,"Juventud, Recursos Hídricos e Infraestructura Hidráulica, Agricultura, Pesca y Acuacultura, Estudios Legislativos, Segunda","https://www.senado.gob.mx/66/comisiones/ordinarias/379
https://www.senado.gob.mx/66/comisiones/ordinarias/390
https://www.senado.gob.mx/66/comisiones/ordinarias/349
https://www.senado.gob.mx/66/comisiones/ordinarias/386
https://www.senado.gob.mx/66/comisiones/ordinarias/372",/66/images/iconos_partidos/PRI_.png,Sinaloa
111,Vicepresidenta:,"Sanmiguel Sánchez, Imelda",PAN,"Piso: 6 Oficina: 8 Tel: 55 5345 3000 Ext: 5986, 2154 y 5983 Correo:",imelda.sanmiguel@senado.gob.mx,https://www.senado.gob.mx/66/senador/1586,Mesa Directiva,https://www.senado.gob.mx/66/comisiones/imprimirComision.php?idComision=342,/66/images/iconos_partidos/PAN_.png,Tamaulipas
112,,"Saucedo Reyes, Araceli",morena,"Piso: 4 Oficina: 22 Tel: 55 5345 3000 Ext: 3813 y 3343 Correo:
Presidente(a):
Secretario(a):
Integrante:
Marina
Hacienda y Crédito Público
Ganadería
Estudios Legislativos, Primera",araceli.saucedo@senado.gob.mx,https://www.senado.gob.mx/66/senador/1550,"Puertos e Infraestructura Marítima, Gobernación, Estudios Legislativos, Para la Igualdad de Género, Análisis, Seguimiento y Evaluación sobre la aplicación y desarrollo de la Inteligencia Artificial en México","https://www.senado.gob.mx/66/comisiones/ordinarias/388
https://www.senado.gob.mx/66/comisiones/ordinarias/375
https://www.senado.gob.mx/66/comisiones/ordinarias/347
https://www.senado.gob.mx/66/comisiones/ordinarias/384
https://www.senado.gob.mx/66/comisiones/ordinarias/407",/66/images/iconos_partidos/morena_.png,Michoacán
113,,"Segura Vázquez, Eugenio",morena,"Piso: 3 Oficina: 14 Tel: 55 5345 3000 Ext: 3698, 3643 y 3253 Correo:
Presidente(a):
Secretario(a):
Juventud
Derechos Digitales
Integrante:
Defensa de los Consumidores",eugenio.segura@senado.gob.mx,https://www.senado.gob.mx/66/senador/1570,"Turismo, Economía, Desarrollo Regional, Relaciones Exteriores, Hacienda y Crédito Público, Deporte","https://www.senado.gob.mx/66/comisiones/ordinarias/403
https://www.senado.gob.mx/66/comisiones/ordinarias/368
https://www.senado.gob.mx/66/comisiones/ordinarias/365
https://www.senado.gob.mx/66/comisiones/ordinarias/393
https://www.senado.gob.mx/66/comisiones/ordinarias/376
https://www.senado.gob.mx/66/comisiones/ordinarias/360",/66/images/iconos_partidos/morena_.png,Quintana Roo
114,,"Sheffield Padilla, Francisco Ricardo",morena,"Piso: 3 Oficina: 17 Tel: 55 5345 3000 Ext: 3470 Correo:
Secretario(a):
Reforma Agraria
Integrante:
Derechos Digitales",ricardo.sheffield@senado.gob.mx,https://www.senado.gob.mx/66/senador/1536,"Defensa de los Consumidores, Relaciones Exteriores, Turismo, Anticorrupción y Transparencia","https://www.senado.gob.mx/66/comisiones/ordinarias/358
https://www.senado.gob.mx/66/comisiones/ordinarias/393
https://www.senado.gob.mx/66/comisiones/ordinarias/403
https://www.senado.gob.mx/66/comisiones/ordinarias/350",/66/images/iconos_partidos/morena_.png,Guanajuato
115,,"Silva Romo, Luis Alfonso",PVEM,"Piso: 5 Oficina: 24 Tel: 55 5345 3000 Ext: 3670, 3054 y 5476 Correo:
Secretario(a):
Justicia
Energía
Estudios Legislativos, Primera
Relaciones Exteriores, América Latina y el Caribe
Integrante:
Educación
Análisis, Seguimiento y Evaluación sobre la aplicación y desarrollo de la Inteligencia Artificial en México",luis.silva@senado.gob.mx,https://www.senado.gob.mx/66/senador/1710,"Puntos Constitucionales, Asuntos de la Frontera Sur, Comisión Especial de Seguimiento e Impulso al Corredor Interoceánico del Istmo de Tehuantepec, Administración","https://www.senado.gob.mx/66/comisiones/ordinarias/346
https://www.senado.gob.mx/66/comisiones/ordinarias/352
https://www.senado.gob.mx/66/comisiones/especiales/408
https://www.senado.gob.mx/66/comisiones/ordinarias/348",/66/images/iconos_partidos/PVEM_.png,Oaxaca
116,,"Sosa Ruíz, Olga Patricia",morena,"Piso: 3 Oficina: 3 Tel: 55 5345 3000 Ext: 3150 y 3196 Correo:
Presidente(a):
Secretario(a):
Asuntos de la Frontera Norte
Integrante:
Puertos e Infraestructura Marítima",olga.sosa@senado.gob.mx,https://www.senado.gob.mx/66/senador/1584,"Agricultura, Energía, Seguimiento a la Implementación y Revisión del T-MEC, Bienestar, Gobernación, Estudios Legislativos, Primera","https://www.senado.gob.mx/66/comisiones/ordinarias/349
https://www.senado.gob.mx/66/comisiones/ordinarias/370
https://www.senado.gob.mx/66/comisiones/ordinarias/412
https://www.senado.gob.mx/66/comisiones/ordinarias/354
https://www.senado.gob.mx/66/comisiones/ordinarias/375
https://www.senado.gob.mx/66/comisiones/ordinarias/371",/66/images/iconos_partidos/morena_.png,Tamaulipas
117,,"Téllez , Lilly",PAN,"Piso: 6 Oficina: 1 Tel: 55 5345 3000 Ext: 3388 Correo:
Secretario(a):
Integrante:",lilly.tellez@senado.gob.mx,https://www.senado.gob.mx/66/senador/1709,"Relaciones Exteriores, Defensa Nacional, Relaciones Exteriores, América del Norte, Derechos Humanos","https://www.senado.gob.mx/66/comisiones/ordinarias/393
https://www.senado.gob.mx/66/comisiones/ordinarias/359
https://www.senado.gob.mx/66/comisiones/ordinarias/395
https://www.senado.gob.mx/66/comisiones/ordinarias/363",/66/images/iconos_partidos/PAN_.png,Sonora
118,,"Toledo Zamora, Karla Guadalupe",PRI,"Piso: 5 Oficina: 8 Tel: 55 5345 3000 Ext: 3534 y 3087 Correo:
Presidente(a):
Secretario(a):
Integrante:",karla.toledo@senado.gob.mx,https://www.senado.gob.mx/66/senador/1708,"Fomento Económico y al Emprendimiento, Defensa Nacional, Radio, Televisión y Cinematografía, Salud","https://www.senado.gob.mx/66/comisiones/ordinarias/416
https://www.senado.gob.mx/66/comisiones/ordinarias/359
https://www.senado.gob.mx/66/comisiones/ordinarias/389
https://www.senado.gob.mx/66/comisiones/ordinarias/399",/66/images/iconos_partidos/PRI_.png,Campeche
119,,"Trasviña Waldenrath, Jesús Lucía",morena,"Piso: 3 Oficina: 25 Tel: 55 5345 3000 Ext: 5523, 3191, 2377 y 3151 Correo:
Presidente(a):
Secretario(a):
Integrante:
Agricultura
Asuntos Migratorios",lucia.trasvina@senado.gob.mx,https://www.senado.gob.mx/66/senador/1509,"Seguridad Pública, Ciberseguridad, Justicia, Marina, Pesca y Acuacultura","https://www.senado.gob.mx/66/comisiones/ordinarias/400
https://www.senado.gob.mx/66/comisiones/ordinarias/422
https://www.senado.gob.mx/66/comisiones/ordinarias/378
https://www.senado.gob.mx/66/comisiones/ordinarias/380
https://www.senado.gob.mx/66/comisiones/ordinarias/386",/66/images/iconos_partidos/morena_.png,Baja California Sur
120,,"Valdez Martínez, Lilia Margarita",morena,"Piso: 4 Oficina: 4 Tel: 55 5345 3000 Ext: Correo:
Presidente(a):
Secretario(a):
Integrante:
Defensa de los Consumidores
Reglamentos y Prácticas Parlamentarias
Fomento Económico y al Emprendimiento",lilia.valdez@senado.gob.mx,https://www.senado.gob.mx/66/senador/1531,"Gobernación, Derechos de la Niñez y de la Adolescencia, Comisión Especial de Economía Circular y Desarrollo Empresarial, Relaciones Exteriores, América Latina y el Caribe, Salud, Comisión Especial para revisar y vigilar el proceso de quiebra de Altos Hornos de México, S. A. B. de C. V.","https://www.senado.gob.mx/66/comisiones/ordinarias/375
https://www.senado.gob.mx/66/comisiones/ordinarias/361
https://www.senado.gob.mx/66/comisiones/especiales/423
https://www.senado.gob.mx/66/comisiones/ordinarias/396
https://www.senado.gob.mx/66/comisiones/ordinarias/399
https://www.senado.gob.mx/66/comisiones/especiales/413",/66/images/iconos_partidos/morena_.png,Durango
121,,"Valles Sampedro, Lorenia Iveth",morena,"Piso: 4 Oficina: 1 Tel: 55 5345 3000 Ext: 3349 y 3902 Correo:
Presidente(a):
Integrante:
Economía
Medio Ambiente, Recursos Naturales y Cambio Climático
Estudios Legislativos, Primera
Relaciones Exteriores",lorenia.valles@senado.gob.mx,https://www.senado.gob.mx/66/senador/1578,"Minería, Bienestar, Infraestructura Ferroviaria, Energía","https://www.senado.gob.mx/66/comisiones/ordinarias/382
https://www.senado.gob.mx/66/comisiones/ordinarias/354
https://www.senado.gob.mx/66/comisiones/ordinarias/415
https://www.senado.gob.mx/66/comisiones/ordinarias/370",/66/images/iconos_partidos/morena_.png,Sonora
122,,"Vargas Del Villar, Enrique",PAN,"Piso: 6 Oficina: 22 Tel: 55 5345 3000 Ext: 3699 y 3527 Correo:
Junta de Coordinación Política:
Grupo Parlamentario del Partido Acción Nacional
Integrante:
Seguridad Pública
Justicia
Seguimiento a la Implementación y Revisión del T-MEC
Reordenamiento Urbano y Vivienda",enrique.vargas@senado.gob.mx,https://www.senado.gob.mx/66/senador/1535,"Defensa Nacional, Guardia Nacional, Marina","https://www.senado.gob.mx/66/comisiones/ordinarias/359
https://www.senado.gob.mx/66/comisiones/ordinarias/414
https://www.senado.gob.mx/66/comisiones/ordinarias/380",/66/images/iconos_partidos/PAN_.png,Estado de México
123,,"Vázquez Robles, Mario Humberto",PAN,"Piso: 6 Oficina: 18 Tel: 55 5345 3000 Ext: 3217 Correo:
Presidente(a):
Integrante:",mario.vazquezr@senado.gob.mx,https://www.senado.gob.mx/66/senador/1520,"Desarrollo Municipal, Desarrollo Rural, Minería, Recursos Hídricos e Infraestructura Hidráulica","https://www.senado.gob.mx/66/comisiones/ordinarias/364
https://www.senado.gob.mx/66/comisiones/ordinarias/366
https://www.senado.gob.mx/66/comisiones/ordinarias/382
https://www.senado.gob.mx/66/comisiones/ordinarias/390",/66/images/iconos_partidos/PAN_.png,Chihuahua
124,,"Velasco Coello, Manuel",PVEM,"Piso: 5 Oficina: 18 Tel: 55 5345 3000 Ext: 3078 Correo:
Junta de Coordinación Política:
Coordinador del Grupo Parlamentario del Partido Verde Ecologista de México
Integrante:",manuel.velasco@senado.gob.mx,https://www.senado.gob.mx/66/senador/1707,Medalla Belisario Domínguez,https://www.senado.gob.mx/66/comisiones/ordinarias/406,/66/images/iconos_partidos/PVEM_.png,Lista Nacional
125,,"Viggiano Austria, Carolina",PRI,"Piso: 5 Oficina: 10 Tel: 55 5345 3000 Ext: 3954 y 3481 Correo:
Presidente(a):
Integrante:
Recursos Hídricos e Infraestructura Hidráulica
Medio Ambiente, Recursos Naturales y Cambio Climático
Derechos de la Niñez y de la Adolescencia",o.alma.viggiano@senado.gob.mx,https://www.senado.gob.mx/66/senador/1544,"Relaciones Exteriores, África, Justicia, Estudios Legislativos, Educación","https://www.senado.gob.mx/66/comisiones/ordinarias/394
https://www.senado.gob.mx/66/comisiones/ordinarias/378
https://www.senado.gob.mx/66/comisiones/ordinarias/347
https://www.senado.gob.mx/66/comisiones/ordinarias/369",/66/images/iconos_partidos/PRI_.png,Hidalgo
126,,"Yunes Márquez, Miguel Ángel",morena,"Piso: 5 Oficina: 16 Tel: 55 5345 3000 Ext: 3138, 5210 y 4137 Correo:
Presidente(a):
Secretario(a):
Energía
Seguimiento a la Implementación y Revisión del T-MEC
Integrante:
Relaciones Exteriores, Europa",miguel.yunes@senado.gob.mx,https://www.senado.gob.mx/66/senador/1592,"Hacienda y Crédito Público, Justicia, Puertos e Infraestructura Marítima, Relaciones Exteriores, Asia-Pacífico, Seguridad Social, Seguridad Pública","https://www.senado.gob.mx/66/comisiones/ordinarias/376
https://www.senado.gob.mx/66/comisiones/ordinarias/378
https://www.senado.gob.mx/66/comisiones/ordinarias/388
https://www.senado.gob.mx/66/comisiones/ordinarias/397
https://www.senado.gob.mx/66/comisiones/ordinarias/401
https://www.senado.gob.mx/66/comisiones/ordinarias/400",/66/images/iconos_partidos/morena_.png,Veracruz
127,,"Zapata Bello, Rolando Rodrigo",PRI,"Piso: 5 Oficina: 12 Tel: 55 5345 3000 Ext: 4183 Correo:
Presidente(a):
Secretario(a):
Integrante:
Estudios Legislativos, Primera
Seguridad Social",rolando.zapata@senado.gob.mx,https://www.senado.gob.mx/66/senador/1595,"Análisis, Seguimiento y Evaluación sobre la aplicación y desarrollo de la Inteligencia Artificial en México, Marina, Ciencia, Humanidades, Tecnología e Innovación, Relaciones Exteriores, Asia-Pacífico, Consejo Editorial del Senado de la República.","https://www.senado.gob.mx/66/comisiones/ordinarias/407
https://www.senado.gob.mx/66/comisiones/ordinarias/380
https://www.senado.gob.mx/66/comisiones/ordinarias/355
https://www.senado.gob.mx/66/comisiones/ordinarias/397
https://www.senado.gob.mx/66/comisiones/comites/417",/66/images/iconos_partidos/PRI_.png,Yucatán
128,,"Zatarain García, Susana",PAN,"Piso: 6 Oficina: 4 Tel: 55 5345 3000 Ext: 3106 y 5549 Correo:
Presidente(a):
Integrante:
Derechos Digitales",susana.zatarain@senado.gob.mx,https://www.senado.gob.mx/66/senador/1511,"Desarrollo Urbano y Ordenamiento Territorial, Pesca y Acuacultura, Seguridad Social, Medio Ambiente, Recursos Naturales y Cambio Climático","https://www.senado.gob.mx/66/comisiones/ordinarias/367
https://www.senado.gob.mx/66/comisiones/ordinarias/386
https://www.senado.gob.mx/66/comisiones/ordinarias/401
https://www.senado.gob.mx/66/comisiones/ordinarias/381",/66/images/iconos_partidos/PAN_.png,Baja California Sur
